Title,Content,Excerpt,"WPML Translation ID","WPML Language Code","Image Filename"
"Horse riding","<!-- wp:flatsome/uxbuilder -->
[section label=""Hero""]

[row width=""custom"" custom_width=""1300px"" h_align=""right""]

[col span=""7"" span__sm=""12"" span__md=""12"" align=""left""]

[ux_banner height=""99.99%"" height__sm=""300px"" height__md=""600px"" bg=""9201"" bg_size=""original"" bg_color=""rgb(255, 255, 255)"" bg_pos=""76% 37%""]


[/ux_banner]

[/col]

[/row]
[row col_bg=""rgb(246, 246, 246)"" width=""custom"" custom_width=""1300px""]

[col span=""6"" span__sm=""12"" span__md=""12"" padding=""90px 80px 80px 80px"" padding__sm=""40px 20px 40px 20px"" margin=""-650px 0px 0px 0px"" margin__sm=""-31px 0px 0px 0px"" margin__md=""-30px 0px 0px 0px"" align=""center"" bg_color=""#4f281c"" color=""light""]

[ux_text font_size=""1.85"" font_size__sm=""2.5"" font_size__md=""2.5"" line_height=""1.25"" text_align=""center""]

<h1>Horse-back riding</h1>
[/ux_text]
[ux_text font_size=""1.1""]

<p style=""text-align: center;"">Horse riding at the river area is for everybody! We have big horses and small ponies, and they are all well behaved and calm.</p>
<p style=""text-align: center;"">During summer season you’ll find most of our horses at the river’s spring area where all of our activities take place.</p>
<p style=""text-align: center;"">We provide you with helmets!</p>
[/ux_text]

[/col]

[/row]

[/section]
[section label=""Packages""]

<h2 style=""text-align: center;"">Our packages including Riding:</h2>
[row]

[col span__sm=""12""]

[ux_text text_align=""center""]

<p>[tourmaster_tour category=""packages"" num-fetch=""6"" pagination=""page"" tour-style=""medium"" column-size=""2"" thumbnail-size=""full"" tour-info="""" excerpt-number=""20"" tour-rating=""disable"" ]</p>

[/ux_text]

[/col]

[/row]

[/section]
[section label=""About Us"" padding=""60px""]

[row width=""custom"" custom_width=""1300px""]

[col span__sm=""12""]

[ux_banner height=""600px"" height__sm=""300px"" bg=""9195"" bg_size=""original"" bg_color=""rgb(255, 255, 255)"" bg_pos=""50% 26%""]


[/ux_banner]
[row_inner]

[col_inner span=""5"" span__sm=""12"" span__md=""12"" padding=""40px 60px 40px 60px"" padding__sm=""40px 30px 40px 30px"" margin=""-530px 0px 0px 100px"" margin__sm=""-40px 0px 0px 0px"" margin__md=""-39px 0px 0px 0px"" bg_color=""#564738"" color=""light""]

[ux_text font_size=""1.1"" text_align=""center""]

<h2 style=""text-align: center;"">Start from the spring area</h2>
<h4 style=""text-align: center;"">(from April to September):</h4>
<p style=""text-align: center;""><strong>15 minutes guided riding at the springs – 10 €</strong></p>
<p style=""text-align: center;""><strong>30 minutes guided riding at the springs – 20 €</strong></p>
<h3> </h3>
<p style=""text-align: center;""><strong> Start from our farm</strong><br /><br /><br />15 minutes riding at the farm - 10 €<br />30 minutes riding - 20 €<br />1 h - 35 €<br /><br /><strong>Want to go more? Send us email!</strong><br /><br /></p>
[/ux_text]
[gap height=""10px""]


[/col_inner]

[/row_inner]

[/col]

[/row]

[/section]
[section label=""Story"" padding=""90px""]

[row style=""small"" width=""custom"" custom_width=""1300px"" v_align=""middle""]

[col label=""banner"" span=""6"" span__sm=""12"" span__md=""12""]

[ux_banner height=""800px"" height__sm=""300px"" height__md=""500px"" bg=""8840"" bg_size=""original"" bg_color=""rgb(255, 255, 255)"" bg_pos=""30% 42%""]


[/ux_banner]

[/col]
[col span=""5"" span__sm=""12"" span__md=""11"" padding=""0px 0px 0px 90px"" padding__md=""30px 0px 0px 30px""]

[ux_text font_size=""2""]

<h3>Create memories</h3>
[/ux_text]
[ux_text font_size=""1.1""]

<p>with our exclusive photoshoot offerings, tailored just for you. Choose the perfect backdrop for your story:</p>
<ul>
<li>
<p><strong>Instagram Adventure:</strong> Dive into the vibrant world of Instagram with a bespoke photoshoot for <strong>only €20</strong>. Our professional photographers and state-of-the-art equipment are ready to bring your vision to life.</p>
</li>
<li>
<p><strong>Wedding Bliss:</strong> Say ""I do"" to capturing the essence of your special day with our Wedding Photoshoot package <strong>for €100</strong>. Our experienced photographers will ensure every precious moment is immortalized in stunning detail, using the finest photography equipment to deliver photos worthy of your love story.</p>
</li>
</ul>
<p>With either choice, you're not just getting photographs; you're preserving memories. Book your session today and let us showcase your journey in the most exquisite light.</p>
<p>Enquiries at info@ponyclub.gr</p>
[/ux_text]

[/col]

[/row]

[/section]

<!-- /wp:flatsome/uxbuilder -->",,17740,en,IMG_2804.jpeg|IMG_3540.heic|7A3039B0-F9A8-48FA-840A-D68ECEDCBE4C.jpg|IMG_3540-1.heic|trekkin-topaz-enhance-2x-faceai.jpg|1935863_122988888643_6899131_n-topaz-enhance-2x-faceai.jpg|5371_122987353643_4326201_n-topaz-enhance-4x-1.jpg|5371_122987353643_4326201_n-topaz-enhance-4x-1.jpg
"The River & Village","<!-- wp:html -->
[section label=""Team Sorted: Hero"" bg=""6666"" bg_overlay=""rgba(0, 0, 0, 0.42)"" bg_pos=""48% 50%"" dark=""true"" padding=""140px""]

[row]


[/row]

[/section]
[section label=""Team Sorted: Members"" bg_color=""rgb(228, 228, 228)"" padding=""60px""]

[row label=""Member 1: Change Color"" col_bg=""rgb(255,255,255)""]

[col span__sm=""12"" margin=""10px 0px 10px 0px""]

[row_inner style=""collapse"" v_align=""middle""]

[col_inner span=""8"" span__sm=""12"" span__md=""5""]

[ux_banner height=""100%"" height__sm=""400px"" bg=""6272"" bg_size=""original"" bg_color=""rgb(244, 244, 244)"" parallax=""4""]


[/ux_banner]

[/col_inner]
[col_inner span=""4"" span__sm=""12"" span__md=""7"" padding=""40px 40px 40px 40px"" class=""team-sorted-info""]

<h2>Acheron River</h2>
<p><span style=""font-weight: 400;"">(gre. </span><span style=""font-weight: 400;"">Ἀχέρων/ </span><span style=""font-weight: 400;"">lat. Styx)</span></p>
[gap height=""5px""]

<p><span style=""font-weight: 400;""><br /></span><span style=""font-weight: 400;"">Acheron </span><span style=""font-weight: 400;"">is a 58 km long river starting near Ioannina, Epirus region. It flows into the Ionian Sea in Ammoudia, near Parga.</span></p>
<p><span style=""font-weight: 400;"">In Greek mythology Acheron was known as the river of Underworld.</span><span style=""font-weight: 400;""><br /></span><span style=""font-weight: 400;"">The souls of the newly dead were carried to the Underworld by Hades’ ferryman Charon. Of course you had to pay Charos two coins to get there and if you couldn't afford it, your soul was left to the banks of the river.</span><span style=""font-weight: 400;""><br /></span><span style=""font-weight: 400;""><br /></span><span style=""font-weight: 400;"">Acheron also flows through the Necromantion, where the very famous and popular oracle of Necromantion could talk to the dead. The ruins of Necromantion still exists.</span></p>
[divider width=""100%"" height=""2px"" margin=""1.2em"" color=""rgba(0, 0, 0, 0.09)""]


[/col_inner]

[/row_inner]

[/col]

[/row]
[row label=""Member 2: Change Color"" col_bg=""rgb(255,255,255)""]

[col span__sm=""12"" margin=""10px 0px 10px 0px""]

[row_inner style=""collapse"" v_align=""middle""]

[col_inner span=""8"" span__sm=""12"" span__md=""7"" padding=""40px 40px 40px 40px"" class=""team-sorted-info""]

<h2>Village of Glyki</h2>
<p>&nbsp;</p>
[gap height=""5px""]

<p><span style=""font-weight: 400;"">&nbsp;</span></p>
<p><span style=""font-weight: 400;"">A village called Glyki lies at the bottom of the valley, where part of the river comes down from the mountains through a canyon. This is the place where the most Springs of Acheron are.</span></p>
<p><span style=""font-weight: 400;"">Above the canyon is Souli’s Castle where a war between Greeks and Turks were taken place.</span></p>
<p><span style=""font-weight: 400;"">Nowadays it is believed that in Christian Era there was a monstrous Draco who ruled the river and the once so clean water was turned poisonous by its venomous fangs. The villagers had to sacrifice one maiden girl every year in order to keep the Drago satisfied. &nbsp;Fortunately a fearess man called Donatos came to the rescue. He managed to kill the Drago with his sword and he saved the villagers by turning the water back to clear and drinkable. He was then declared Saint Donatos and he is still the Saint of Glyki. You can still find lot of small monastries dedicated to him. </span></p>
<p><span style=""font-weight: 400;"">Acheron river has been acknowledged by its strange energy that attracts spiritual &nbsp;people of all kind. There are many stories of a strange healing power that lies beyond the surface of the clear water. It was believed that Acheron had miraculous powers and could make someone invulnerable. According to one tradition, </span><a href=""https://en.wikipedia.org/wiki/Achilles""><span style=""font-weight: 400;"">Achille</span></a><span style=""font-weight: 400;"">s was dipped in it in his childhood, acquiring invulnerability, with exception of his heel, by which his mother held him. This is the source of the expression </span><a href=""https://en.wikipedia.org/wiki/Achilles%27_heel""><i><span style=""font-weight: 400;"">Achilles' hee</span></i></a><i><span style=""font-weight: 400;"">l,</span></i><span style=""font-weight: 400;""> a metaphor for a vulnerable spot.</span><span style=""font-weight: 400;""><br /></span><span style=""font-weight: 400;""><br /></span><span style=""font-weight: 400;"">The nature around the river is very rich with flora and fauna and it is protected by EU’s Natura 2000 program.</span></p>
[divider width=""100%"" height=""2px"" margin=""1.2em"" color=""rgba(0, 0, 0, 0.09)""]


[/col_inner]
[col_inner span=""4"" span__sm=""12"" span__md=""5"" force_first=""small""]

[ux_banner height=""100%"" height__sm=""400px"" bg=""5852"" bg_color=""rgb(244, 244, 244)""]


[/ux_banner]

[/col_inner]

[/row_inner]

[/col]

[/row]

[/section]

<!-- /wp:html -->",,17745,en,
"ΓΙΑ ΤΑ ΣΧΟΛΕΙΆ","[section label=""About"" bg=""7743"" bg_size=""thumbnail"" bg_overlay=""rgba(51, 221, 125, 0)"" dark=""true"" divider_top=""waves-opacity"" divider=""waves-opacity-2"" video_visibility=""visible""]

[gap]

[row v_align=""middle"" h_align=""center""]

[col span=""6"" span__sm=""12"" span__md=""12""]

[row_inner]

[col_inner span=""7"" span__sm=""12"" span__md=""6""]

[ux_banner height=""117%"" height__sm=""99.99%"" height__md=""150%"" bg=""8811"" bg_color=""rgba(0, 0, 0, 0)"" video_visibility=""visible""]


[/ux_banner]

[/col_inner]
[col_inner span=""5"" span__sm=""12"" span__md=""6""]

[ux_banner height=""87%"" height__sm=""60%"" height__md=""76%"" bg=""8815"" bg_color=""rgba(0, 0, 0, 0)"" video_visibility=""visible""]


[/ux_banner]

[/col_inner]

[/row_inner]
[row_inner h_align=""right""]

[col_inner span=""7"" span__sm=""12"" margin=""-165px 0px 0px 0px"" margin__sm=""0 0px 0px 0px"" margin__md=""-290px 0px 0px 0px""]

[ux_banner height=""75%"" height__sm=""60%"" bg=""6407"" bg_color=""rgba(0, 0, 0, 0)"" video_visibility=""visible""]


[/ux_banner]

[/col_inner]

[/row_inner]

[/col]
[col span=""6"" span__sm=""12"" span__md=""12"" padding=""0px 0px 0px 15%"" padding__sm=""0px 0 0px 0px"" padding__md=""0px 10% 0px 0px""]

[ux_text font_size=""1.3""]

<h2>ΑΡΧΙΣΕ ΤΟ ΠΡΟΓΡΑΜΜΑ ΕΚΔΡΟΜΕΣ ΣΧΟΛΕΙΩΝ ΣΤΟΝ ΑΧΕΡΟΝΤΑ</h2>
[/ux_text]
[ux_text font_size=""1.75""]

<p>Εκδρομη στις πηγες του Αχεροντα – με ράφτινγκ, τοξοβολία, πεζοπορία απο 7 ευρώ.</p>
[/ux_text]

[/col]

[/row]

[/section]
[section label=""About"" padding=""50px""]

[gap]

[row style=""large"" v_align=""equal""]

[col span=""5"" span__sm=""12""]

[ux_text font_size=""1.3""]

<div style=""font-family: Arial, sans-serif;"">
<h3 style=""color: #f39c12; font-weight: bold;"">ΠΕΡΙΠΕΤΕΙΑΤΙΚΟ ΠΡΟΓΡΑΜΜΑ</h3>
<div style=""margin-bottom: 20px;"">
<p style=""color: #333;""><strong style=""color: #e74c3c;"">9-10</strong>: Άφιξη στον μυστηριώδη χώρο της περιπέτειας.</p>
</div>
<div style=""margin-bottom: 20px;"">
<p style=""color: #333;""><strong style=""color: #e74c3c;"">10-10.30</strong>: Ενώνουμε τις δυνάμεις μας και αποκτούμε γνώσεις για το ταξίδι μας στις πηγές του ποταμού.</p>
</div>
<div style=""margin-bottom: 20px;"">
<p style=""color: #333;""><strong style=""color: #e74c3c;"">10.30-13</strong>: Εξερευνούμε τα μυστικά μονοπάτια και πραγματοποιούμε διάφορες αποστολές σε ομάδες.</p>
</div>
<div style=""margin-bottom: 20px;"">
<p style=""color: #333;""><strong style=""color: #e74c3c;"">13-14</strong>: Απολαμβάνουμε ένα θαυμάσιο γεύμα και επιστρέφουμε με νέες ιστορίες να μοιραστούμε.</p>
</div>
</div>
<p> </p>
<p> </p>
[/ux_text]
[gap height=""25px""]

[ux_banner height=""550px"" height__sm=""99.99%"" bg=""8841"" bg_size=""original"" bg_color=""rgba(255, 255, 255, 0)""]


[/ux_banner]

[/col]
[col span=""7"" span__sm=""12""]

[ux_banner height=""550px"" height__sm=""99.99%"" bg=""6170"" bg_color=""rgba(255, 255, 255, 0)""]


[/ux_banner]
[gap]

[ux_text font_size=""2.25"" line_height=""1.25""]

<h3>ΟΙ ΔΡΑΣΤΗΡΙΟΤΗΤΕΣ ΠΟΥ ΘΑ ΚΑΝΟΥΜΕ</h3>
[/ux_text]
[ux_text font_size=""1.2""]

<div style=""font-family: 'Segoe UI', Tahoma, Geneva, Verdana, sans-serif;"">
<h2 style=""color: #4caf50; font-weight: bold;"">ΕΞΕΡΕΥΝΗΣΤΕ ΤΟ ΑΠΙΣΤΕΥΤΟ</h2>
<div style=""margin-bottom: 20px;"">
<h3 style=""color: #ff5722;"">1. ΡΑΦΤΙΝΓΚ ΜΕ ΤΗΝ ΟΙΚΟΓΕΝΕΙΑ</h3>
<p style=""color: #333;"">Κατευθυνθείτε σε μια συναρπαστική περιπέτεια μέσα από ειδικές διαδρομές για μικρούς και μεγάλους!</p>
</div>
<div style=""margin-bottom: 20px;"">
<h3 style=""color: #ff5722;"">2. ΑΝΑΚΑΛΥΨΤΕ ΤΙΣ ΠΗΓΕΣ</h3>
<p style=""color: #333;"">Περπατήστε στα μονοπάτια της φύσης και ανακαλύψτε τις μυστικές πηγές και τους κρυστάλλινους ποταμούς.</p>
</div>
<div style=""margin-bottom: 20px;"">
<h3 style=""color: #ff5722;"">3. ΤΟΞΟΒΟΛΙΑ ΣΤΗ ΦΥΣΗ</h3>
<p style=""color: #333;"">Αφήστε την απόλυτη ελευθερία να σας κατακτήσει σε μια συναρπαστική εμπειρία τοξοβολίας στη φύση.</p>
</div>
<div style=""margin-bottom: 20px;"">
<p style=""color: #333;"">Τιμή: <strong>7 ευρώ</strong> ανά άτομο.</p>
<p style=""color: #333;"">Προαιρετική επιλογή για βόλτα με άλογα: <strong>5 ευρώ</strong> ανά άτομο.</p>
<p style=""color: #333;"">Οι τιμές περιλαμβάνουν όλον τον απαραίτητο εξοπλισμό και τις τοπικές μετακινήσεις.</p>
</div>
<div style=""margin-bottom: 20px;"">
<p style=""color: #333;"">Στον χώρο της εκδρομής, θα βρείτε εστιατόρια με αυθεντική κουζίνα και άριστη υποδομή, όπου μπορείτε να απολαύσετε γεύματα με θέα στη φύση, με τιμές από <strong>7 έως 10 ευρώ</strong> ανά άτομο.</p>
</div>
</div>
[/ux_text]

[/col]

[/row]

[/section]",,17777,el,Campus_Kids_New_Jersey_Archery_03-1.jpg
ΔΡΑΣΤΗΡΙΟΤΗΤΕΣ,"<!-- wp:html -->
[ux_slider]

[ux_banner height=""42%"" bg=""5817"" bg_overlay=""rgba(0, 0, 0, 0.31)"" bg_pos=""66% 58%""]

[text_box width=""52"" width__sm=""80"" animate=""bounceIn"" parallax=""-1"" position_x=""50"" position_x__sm=""50"" position_y=""25"" position_y__sm=""50""]

<h2><span style=""font-size: 23.04px;"">ΟΙ ΔΡΑΣΤΗΡΙΟΤΗΤΕΣ ΜΑΣ</span></h2>
<h3 class=""lead uppercase""></h3>
[button text=""Καλεστε τωρα!"" color=""secondary"" animate=""blurIn"" radius=""99"" expand=""0""]


[/text_box]

[/ux_banner]

[/ux_slider]
[gap height=""51px""]

[section]

[row]

[col span=""4"" span__sm=""12""]

[ux_banner height=""500px"" bg=""6470"" bg_color=""rgb(255, 255, 255)"" bg_overlay=""rgba(0,0,0,.5)""]

[text_box width=""40"" width__sm=""60"" scale=""122"" position_x=""5"" position_y=""10"" text_align=""left""]

<h2 class=""uppercase""><b>Ραφτινγκ</b></h2>
[button text=""περισοτερα"" style=""outline"" link=""https://ponyclub.gr/rafting-kayaking/""]


[/text_box]

[/ux_banner]

[/col]
[col span=""4"" span__sm=""12""]

[ux_banner height=""500px"" bg=""5987"" bg_color=""rgb(255, 255, 255)"" bg_overlay=""rgba(0,0,0,.5)"" bg_pos=""58% 5%""]

[text_box width=""40"" width__sm=""60"" scale=""122"" position_x=""5"" position_y=""10"" text_align=""right""]

<h2 class=""uppercase""><b>ιππασια</b></h2>
[button text=""περισοτερα"" style=""outline"" link=""https://ponyclub.gr/horse-riding/""]


[/text_box]

[/ux_banner]

[/col]
[col span=""4"" span__sm=""12""]

[ux_banner height=""500px"" bg=""6645"" bg_color=""rgb(255, 255, 255)"" bg_overlay=""rgba(0,0,0,.5)"" bg_pos=""80% 3%""]

[text_box width=""40"" width__sm=""60"" scale=""122"" position_x=""5"" position_y=""10"" text_align=""right""]

<h2 class=""uppercase""><b>πεζοπορια</b></h2>
[button text=""περισοτερα"" style=""outline"" link=""https://ponyclub.gr/trekking/""]


[/text_box]

[/ux_banner]

[/col]

[/row]

[/section]

<!-- /wp:html -->",,17780,el,
ΠΕΖΟΠΟΡΙΑ,"<!-- wp:flatsome/uxbuilder -->
[ux_banner height=""600px"" height__sm=""500px"" bg=""6652"" bg_size=""original"" bg_overlay=""rgba(0, 0, 0, 0.5)"" bg_pos=""27% 44%""]

[text_box width=""54"" width__sm=""66"" position_x=""0"" position_y=""85""]

<h2 class=""thin-font""><span style=""font-size: 36.288px;"">RIVER TREKKING<br />
ACHERON RIVER</span></h2>

[/text_box]

[/ux_banner]
[section label=""About Text""]

[gap height=""40px"" height__sm=""20px""]

[row]

[col span=""4"" span__sm=""12"" span__md=""4"" margin__sm=""0px 0px -20px 0px""]

[gap height=""10px"" visibility=""hide-for-medium""]

[ux_text font_size=""1.75"" line_height=""0.75"" line_height__md=""1.25""]

<h3><span style=""font-weight: 400;"">ΠΕΖΟΠΟΡΙΕΣ</span></h3>
[/ux_text]
[ux_image id=""6537""]


[/col]
[col span=""8"" span__sm=""12"" span__md=""8""]

[ux_text font_size=""1.3""]

<p> </p>
<ol>
<li style=""font-weight: 400;"" aria-level=""1""><span style=""font-weight: 400;"">Απλή περιήγηση στις πηγές. Γίνεται όλη την διάρκεια του έτους, και την προτιμούν σχεδόν όλοι οι επισκέπτες.</span></li>
<li style=""font-weight: 400;"" aria-level=""1""><span style=""font-weight: 400;"">Γλυκή, σκάλα Τζαβέλαινας, γέφυρα Ντάλα επιστροφή μέσα απο το φαράγγι του ποταμού. Διαρκεί 2 ώρες, εύκολη, και γίνεται από Μάιο ως αρχές Οκτώβρη.</span></li>
<li style=""font-weight: 400;"" aria-level=""1""><span style=""font-weight: 400;"">Σούλι , γέφυρα Ντάλα Γλυκή. Διάρκεια 3-4 ώρες, εύκολη ως μέτρια, και συνήθως την προτιμούν οι ορειβατικοί και φυσιολατρικοί σύλλογοι. Γίνεται όλον τον χρόνο.</span></li>
<li style=""font-weight: 400;"" aria-level=""1""><span style=""font-weight: 400;"">Μύλοι Σουλίου – πηγές Αχέροντα. </span>Οι ειδικοί το θεωρούν  απο τα ωραιώτερες και συναρπαστικές διαδρομές της Ελλάδος. Διάρκεια 3-4 ώρες,και είναι μέτρια ως δύσκολη.  Γίνεται απο Μάιο ως αρχές Οκτώβρη, γιατί στομεγαλύτερο διάστημα της διαδρομής περπατάμε στο νερό.</li>
</ol>
<p><span style=""font-weight: 400;"">  Η εταιρεία μας είναι η  μοναδική στον χώρο που διαθέτει οδηγούς και διοργανώνει αυτές τις διαδρομές.</span></p>
<p><br /><br /></p>
[/ux_text]

[/col]

[/row]

[/section]
[row]

[col span__sm=""12""]

[ux_gallery ids=""5854,6277,6416,6639,6645,6654,7383,6752,8835,8823"" type=""slider""]


[/col]

[/row]

<!-- /wp:flatsome/uxbuilder -->",,17747,el,
"ΓΙΑ ΟΜΑΔΕΣ","<!-- wp:flatsome/uxbuilder -->
[section]

[row]

[col span=""6"" span__sm=""12""]

[ux_banner height=""500px"" bg=""6170"" bg_color=""rgb(255,255,255)"" bg_overlay=""rgba(0,0,0,.5)""]

[text_box width=""63"" width__sm=""60"" scale=""143"" position_x=""5"" position_y=""5"" text_align=""left""]

<h2 class=""uppercase""><b>ΓΙΑ ΤΑ ΣΧΟΛEΙΑ</b></h2>
[button text=""Περισοτερα"" style=""outline"" link=""https://ponyclub.gr/for-schools/""]


[/text_box]

[/ux_banner]

[/col]
[col span=""6"" span__sm=""12""]

[ux_banner height=""500px"" bg=""6639"" bg_color=""rgb(255, 255, 255)"" bg_overlay=""rgba(0,0,0,.5)"" bg_pos=""96% 3%""]

[text_box width=""51"" width__sm=""60"" scale=""143"" position_x=""10"" position_y=""5"" text_align=""left""]

<h2 class=""uppercase""><b>ΓΙΑ ΣΥΛΛΟΓΟΥΣ</b></h2>
[button text=""Περισοτερα"" style=""outline"" link=""https://ponyclub.gr/for-groups/""]


[/text_box]

[/ux_banner]

[/col]

[/row]

[/section]

<!-- /wp:flatsome/uxbuilder -->",,17932,el,
ΔΙΑΜΟΝΗ,"<!-- wp:flatsome/uxbuilder -->
[section label=""Hero Image"" bg=""6438"" bg_pos=""64% 49%"" height=""500px"" height__sm=""300px"" height__md=""400px""]


[/section]
[section label=""Hero Text""]

[row h_align=""center""]

[col span=""7"" span__sm=""12"" span__md=""12"" padding=""0px 10% 0px 0px""]

[gap height__sm=""10px"" height__md=""20px""]

[ux_text font_size=""1.55""]

<h1>ΔΙΑΜΟΝΉ</h1>
[/ux_text]
<p class=""lead"">Το χωριό Γλυκή είναι το ψυχαγωγικό κέντρο της περιοχής, και έχοντας πιά όλες τις απαραίτητες<br />υποδομές σε ξενοδοχεία, δραστηριότητες, ψυχαγωγία έχει καταστεί απο τους πιό δημοφιλείς<br />προορισμούς.</p>
<p class=""lead"">Η διαμονή γίνεται σε νεόκτιστα ξενοδοχεία, που τηρούν όλες τις προδαγραφές και ανέσεις, συνδυασμένες με την Ηπειρώτικη φιλοξενία. </p>

[/col]
[col span=""5"" span__sm=""12"" span__md=""12"" padding=""15% 15% 10% 15%"" padding__sm=""15% 10% 5% 10%"" padding__md=""10% 10% 8% 10%"" margin=""-172px 0px 0px 0px"" margin__md=""0 0px 0px 0px"" bg_color=""rgb(241, 241, 241)"" border=""10px 0px 0px 0px"" border_color=""rgb(73, 193, 147)""]

[ux_text font_size=""1.25""]

<h3>ΠΡΟΝΌΜΙΑ</h3>
[/ux_text]
<ul>
<li class=""bullet-checkmark"">Απέχει μόλις μισή ώρα από τα παράλια , Πάργα Σύββοτα, και ίδια περίπου απόσταση από Σούλι και Νεκρομαντείο.</li>
<li class=""bullet-checkmark"">Ο ποταμός, οι πηγές, η γύρω φύση συνθέτουν ένα τοπίο απαράμιλης ομορφιάς,<br />που το συμπληρώνουν οι θρύλοι, η ιστορία και η μυθολογία.</li>
<li class=""bullet-checkmark"">Οι ταβέρνες και τα μπαράκια του χωριού, πραγματικά θα σας εκπλήξουν ευχάριστα.</li>
</ul>

[/col]

[/row]

[/section]
[section]

[title style=""center"" text=""ξενοδοχειa"" tag_name=""h2""]

[row]

[col span=""6"" span__sm=""12""]

[ux_slider]

[ux_image id=""6837""]

[ux_image id=""6840""]


[/ux_slider]

[/col]

[/row]
[row]

[col span=""6"" span__sm=""12""]

[ux_slider]

[ux_image id=""9693"" image_size=""medium_large""]


[/ux_slider]

[/col]
[col span=""6"" span__sm=""12""]

<h2 class=""uppercase"" style=""text-align: center;"">HOTEL ACHERONTAS</h2>
<p>Το Acherontas βρίσκεται στη Γλυκή, μόλις 30μ. από τον ποταμό Αχέροντα και διαθέτει κλιματισμό. Η γέφυρα Ντάλα απέχει 3,5χλμ. από το κατάλυμα. Παρέχεται δωρεάν WiFi σε όλους τους χώρους του καταλύματος.</p>
<p>Όλες οι μονάδες διαθέτουν τηλεόραση. Υπάρχει επίσης μικρή κουζίνα, εξοπλισμένη με ψυγείο και εστίες. Κάθε μονάδα διαθέτει ιδιωτικό μπάνιο με δωρεάν προϊόντα περιποίησης. Διατίθενται πετσέτες.</p>
<p>Το Acherontas περιλαμβάνει επίσης ηλιόλουστη βεράντα, μπαρ και εστιατόριο. Το κατάλυμα προσφέρει επίσης συσκευασμένα γεύματα.</p>
<p>Η σκάλα-μονοπάτι Tzavelena απέχει μόλις 30 μέτρα. Το πλησιέστερο αεροδρόμιο είναι το αεροδρόμιο Ιωαννίνων, σε απόσταση 45χλμ. από το κατάλυμα.</p>
<h3>.</h3>
[button text=""περισοτερα"" style=""outline"" radius=""10"" link=""https://www.booking.com/hotel/gr/acherontas.en-gb.html?aid=2378099&label=olr-consentyes%3ACjwKCAjwgdayBhBQEiwAXhMxtvzl5k8TurFNDCmRsB1gsQYlVdrukXsiWCiNFkia7lWxpntGtoK_lhoCXnwQAvD_BwE&sid=71815d4def7ef04027ac98105fa99db1&checkin=2024-06-04;checkout=2024-06-05;dest_id=-817790;dest_type=city;dist=0;group_adults=2;group_children=0;hapos=1;hpos=1;no_rooms=1;req_adults=2;req_children=0;room1=A%2CA;sb_price_type=total;soh=1;sr_order=popularity;srepoch=1716887341;srpvid=c7f94050de600371;type=total;ucfs=1&#no_availability_msg""]


[/col]

[/row]
[gap]

[gap]

[row]

[col span=""6"" span__sm=""12""]

[ux_slider]

[ux_image id=""8801""]

[ux_image id=""8799""]


[/ux_slider]

[/col]
[col span=""6"" span__sm=""12""]

<h2 class=""uppercase"" style=""text-align: center;"">HOTEL eIrini</h2>
<p>Σας καλούμε για μια μοναδική εκτόνωση και ξεκούραση στα πλήρως εξοπλισμένα και με πολλές ανέσεις δωμάτια στούντιο και στις  σουίτες που διαθέτουμε με τις αναμφισβήτητα υψηλή ποιότητα  υπηρεσίες δωματίου.</p>
<p>Να γευτείτε τα παραδοσιακά φαγητά και τις διάφορες πίτες του εστιατορίου μας και να γλυκαθείτε με τα πεντανόστιμα γλυκά ταψιού και κουταλιού της γιαγιάς.</p>
<p>Να απολαύσετε  τον καφέ σας  και το ποτό σας  στην καφετέρια  δίπλα στο τζάκι  η στον εξώστη με το καταπληκτικό άγναντη, να ακούσετε την μουσική της επιλογής σας και να σερφάρετε στο ίντερνετ.</p>
<h3>.</h3>
[button text=""περισοτερα"" style=""outline"" radius=""10"" link=""https://www.hoteleirini.gr/""]


[/col]

[/row]

[/section]

<!-- /wp:flatsome/uxbuilder -->",,17942,el,eksoterikoi12.jpeg|eksoterikoi4.jpeg|64822_F8070_.jpg|64823_F8077_.jpg|104762633.jpg
"The River & Village","<!-- wp:html -->
[section label=""Team Sorted: Hero"" bg=""6666"" bg_overlay=""rgba(0, 0, 0, 0.42)"" bg_pos=""48% 50%"" dark=""true"" padding=""140px""]

[row]


[/row]

[/section]
[section label=""Team Sorted: Members"" bg_color=""rgb(228, 228, 228)"" padding=""60px""]

[row label=""Member 1: Change Color"" col_bg=""rgb(255,255,255)""]

[col span__sm=""12"" margin=""10px 0px 10px 0px""]

[row_inner style=""collapse"" v_align=""middle""]

[col_inner span=""8"" span__sm=""12"" span__md=""5""]

[ux_banner height=""100%"" height__sm=""400px"" bg=""6272"" bg_size=""original"" bg_color=""rgb(244, 244, 244)"" parallax=""4""]


[/ux_banner]

[/col_inner]
[col_inner span=""4"" span__sm=""12"" span__md=""7"" padding=""40px 40px 40px 40px"" class=""team-sorted-info""]

<h2>Acheron River</h2>
<p><span style=""font-weight: 400;"">(gre. </span><span style=""font-weight: 400;"">Ἀχέρων/ </span><span style=""font-weight: 400;"">lat. Styx)</span></p>
[gap height=""5px""]

<p><span style=""font-weight: 400;""><br /></span><span style=""font-weight: 400;"">Acheron </span><span style=""font-weight: 400;"">is a 58 km long river starting near Ioannina, Epirus region. It flows into the Ionian Sea in Ammoudia, near Parga.</span></p>
<p><span style=""font-weight: 400;"">In Greek mythology Acheron was known as the river of Underworld.</span><span style=""font-weight: 400;""><br /></span><span style=""font-weight: 400;"">The souls of the newly dead were carried to the Underworld by Hades’ ferryman Charon. Of course you had to pay Charos two coins to get there and if you couldn't afford it, your soul was left to the banks of the river.</span><span style=""font-weight: 400;""><br /></span><span style=""font-weight: 400;""><br /></span><span style=""font-weight: 400;"">Acheron also flows through the Necromantion, where the very famous and popular oracle of Necromantion could talk to the dead. The ruins of Necromantion still exists.</span></p>
[divider width=""100%"" height=""2px"" margin=""1.2em"" color=""rgba(0, 0, 0, 0.09)""]


[/col_inner]

[/row_inner]

[/col]

[/row]
[row label=""Member 2: Change Color"" col_bg=""rgb(255,255,255)""]

[col span__sm=""12"" margin=""10px 0px 10px 0px""]

[row_inner style=""collapse"" v_align=""middle""]

[col_inner span=""8"" span__sm=""12"" span__md=""7"" padding=""40px 40px 40px 40px"" class=""team-sorted-info""]

<h2>Village of Glyki</h2>
<p>&nbsp;</p>
[gap height=""5px""]

<p><span style=""font-weight: 400;"">&nbsp;</span></p>
<p><span style=""font-weight: 400;"">A village called Glyki lies at the bottom of the valley, where part of the river comes down from the mountains through a canyon. This is the place where the most Springs of Acheron are.</span></p>
<p><span style=""font-weight: 400;"">Above the canyon is Souli’s Castle where a war between Greeks and Turks were taken place.</span></p>
<p><span style=""font-weight: 400;"">Nowadays it is believed that in Christian Era there was a monstrous Draco who ruled the river and the once so clean water was turned poisonous by its venomous fangs. The villagers had to sacrifice one maiden girl every year in order to keep the Drago satisfied. &nbsp;Fortunately a fearess man called Donatos came to the rescue. He managed to kill the Drago with his sword and he saved the villagers by turning the water back to clear and drinkable. He was then declared Saint Donatos and he is still the Saint of Glyki. You can still find lot of small monastries dedicated to him. </span></p>
<p><span style=""font-weight: 400;"">Acheron river has been acknowledged by its strange energy that attracts spiritual &nbsp;people of all kind. There are many stories of a strange healing power that lies beyond the surface of the clear water. It was believed that Acheron had miraculous powers and could make someone invulnerable. According to one tradition, </span><a href=""https://en.wikipedia.org/wiki/Achilles""><span style=""font-weight: 400;"">Achille</span></a><span style=""font-weight: 400;"">s was dipped in it in his childhood, acquiring invulnerability, with exception of his heel, by which his mother held him. This is the source of the expression </span><a href=""https://en.wikipedia.org/wiki/Achilles%27_heel""><i><span style=""font-weight: 400;"">Achilles' hee</span></i></a><i><span style=""font-weight: 400;"">l,</span></i><span style=""font-weight: 400;""> a metaphor for a vulnerable spot.</span><span style=""font-weight: 400;""><br /></span><span style=""font-weight: 400;""><br /></span><span style=""font-weight: 400;"">The nature around the river is very rich with flora and fauna and it is protected by EU’s Natura 2000 program.</span></p>
[divider width=""100%"" height=""2px"" margin=""1.2em"" color=""rgba(0, 0, 0, 0.09)""]


[/col_inner]
[col_inner span=""4"" span__sm=""12"" span__md=""5"" force_first=""small""]

[ux_banner height=""100%"" height__sm=""400px"" bg=""5852"" bg_color=""rgb(244, 244, 244)""]


[/ux_banner]

[/col_inner]

[/row_inner]

[/col]

[/row]

[/section]

<!-- /wp:html -->",,17745,el,
Home,"<!-- wp:flatsome/uxbuilder -->
[ux_banner height=""700px"" bg=""8750"" bg_size=""original"" divider_top=""arrow"" divider=""waves-opacity-3"" video_visibility=""visible""]


[/ux_banner]
[row]

[col span=""4"" span__sm=""12""]

[ux_image id=""9424"" image_size=""original"" link=""https://www.google.com/search?sa=X&sca_esv=a69b8a5a4d8be7ee&sca_upv=1&hl=fi&cs=0&biw=1462&bih=766&tbm=lcl&sxsrf=ACQVn0-Ymx0CYE_yuTVOXR3NF2mWm8ukBA:1714572671248&q=Pony+Club+Ecotourism+Arvostelut&rflfq=1&num=20&stick=H4sIAAAAAAAAAONgkxI2NDc1MrM0MLU0sjQ1NbYwNTG03MDI-IpRPiA_r1LBOac0ScE1Ob8kv7QoszhXwbGoLL-4JDWntGQRKyEVAMaz8yZeAAAA&rldimm=1752690592955385419&ved=2ahUKEwjFjov40OyFAxWiAxAIHaZOA0cQ9fQKegQIRBAF#lkt=LocalPoiReviews""]


[/col]
[col span=""4"" span__sm=""12""]

[ux_image id=""9426"" image_size=""original"" link=""https://www.tripadvisor.com/Attraction_Review-g1188928-d8472505-Reviews-Pony_Club_Acheron-Glyki_Thesprotia_Region_Epirus.html""]


[/col]
[col span=""4"" span__sm=""12""]

[ux_image id=""9430"" image_size=""original"" link=""https://www.facebook.com/ponyclubgreece/reviews""]


[/col]

[/row]
[ux_text text_align=""center""]

<h2 class=""uppercase"">Ανακαλύψτε τη Μαγεία του Χειμερινού Αχέροντα</h2>
<h3 class=""thin-font"">Χειμερινή Περίοδος: 1 Νοεμβρίου 2024 - 30 Απριλίου 2025</h3>
[/ux_text]
[section label=""About Text""]

[row]

[col span=""4"" span__sm=""12""]

<h2><span style=""font-size: 20.16px;"">🌊 Rafting στον Μυθικό Αχέροντα</span></h2>
<div class=""activity-section"">
<ul>
<li><strong>Μοναδική Διαδρομή 40 Λεπτών</strong></li>
<li>Ατομική τιμή: 10€</li>
<li>
<p class=""p1"">ΕΛΑΧΙΣΤΗ ΧΡΕΩΣΗ ΔΙΑΔΡΟΜΗΣ 30ε</p>
</li>
</ul>
<h4>Περιλαμβάνει:</h4>
<ul>
<li>Πλήρη εξοπλισμό ασφαλείας</li>
<li>Έμπειρο οδηγό</li>
<li>Σύντομη εκπαίδευση</li>
<li>Αξέχαστες εμπειρίες στα κρυστάλλινα νερά</li>
</ul>
</div>

[/col]
[col span=""4"" span__sm=""12""]

<h3>🐎 Ιππασία στις Όχθες του Αχέροντα</h3>
<ul>
<li><strong>Μαγευτική Διαδρομή 30 Λεπτών</strong></li>
<li>20€ ανά άτομο</li>
</ul>
<h4>Περιλαμβάνει:</h4>
<ul>
<li>Έμπειρο συνοδό</li>
<li>Βασικές οδηγίες ιππασίας</li>
<li>Εξοπλισμό ασφαλείας</li>
<li>Πανοραμική διαδρομή</li>
</ul>

[/col]
[col span=""4"" span__sm=""12""]

[ux_image id=""9999"" image_size=""medium_large""]


[/col]

[/row]
[row]

[col span=""6"" span__sm=""12""]

[ux_image id=""8841"" image_size=""medium_large""]


[/col]
[col span=""6"" span__sm=""12""]

<div class=""benefits-section"">
<h3>Γιατί να Επιλέξετε Χειμερινή Επίσκεψη</h3>
<ul>
<li>Μοναδική ατμόσφαιρα με λιγότερο κόσμο</li>
<li>Εντυπωσιακά χειμερινά τοπία</li>
<li>Ιδανικές συνθήκες για δραστηριότητες</li>
<li>Προσιτές τιμές εκτός τουριστικής περιόδου</li>
</ul>
</div>
<p><!-- Bookings Section --></p>
<div class=""booking-section"">
<h3>Κρατήσεις &amp; Πληροφορίες</h3>
<ul>
<li>Απαραίτητη η προκράτηση</li>
<li>Διαθέσιμες δραστηριότητες καθημερινά (καιρού επιτρέποντος)</li>
<li>Ειδικές τιμές για groups</li>
<li>Δυνατότητα συνδυασμού δραστηριοτήτων</li>
</ul>
</div>

[/col]

[/row]
[gap height=""40px"" height__sm=""20px""]


[/section]
[section label=""About Banner"" bg_color=""#93c0b5"" padding=""0px"" padding__sm=""20px"" padding__md=""40px"" divider_top=""curve-invert"" divider=""curve-2""]

[row]

[col span__sm=""12"" padding=""-20px 0px 0px 0px"" bg_color=""rgb(255,255,255)""]

[gap]

[ux_video url=""https://player.vimeo.com/video/278347033""]

[ux_text font_size=""1.1"" text_align=""center""]

<h2>Καλωσορίσατε για Περιπέτειες στον Αχεροντα<br />
 Ένας Μαγικός Κόσμος δραστηριοτήτων με την Εταιρεία μας</p>
[/ux_text]
[gap]

[row_inner h_align=""center""]

[col_inner span=""10"" span__sm=""11"" span__md=""10"" padding=""0px 0px 0px 0px"" align=""center""]

[ux_text font_size=""1.25""]

<p>Το  pony club  δραστηριοποιείται στον εναλλακτικό τουρισμό από το 1998 στην Γλυκή Θεσπρωτίαςμε βάση  τον ποταμό Αχέροντα τις πηγές και το φαράγγι του.  Διαθέτει δική του βάση για το ράφτινγκ, καθώςκαι ιδιόκτητη φάρμα 15 στρεμμάτων με 8 άλογα Ουγγαρέζικης καταγωγής με υψηλό βαθμό εκπαίδευσης.</p>
<p>Σε αυτό τον χώρο απαράμιλης ομορφιάς ,οργανώνουμε  μονοήμερες, διήμερες, και τριήμερες εκδρομές, όπου οι επισκέπτες πέρα από την άνετη διαμονή<span style=""font-weight: 400;"">,μπορούν να απολαύσουν και τιςπαρακάτω δραστηριότητες.</span></p>
[/ux_text]

[/col_inner]

[/row_inner]

[/col]

[/row]

[/section]
[section label=""Packages"" padding=""60px"" padding__md=""50px"" visibility=""hidden""]

<h1 style=""text-align: center;"">ΚΑΛΟΚΑΙΡΙΝΕΣ ΠΡΟΣΦΟΡΕΣ</h1>
[gap]

[row width=""full-width"" v_align=""middle""]

[col span=""4"" span__sm=""12"" span__md=""12"" padding=""30% 25% 30% 15%"" padding__sm=""30% 15% 10% 15%"" padding__md=""20% 15% 10% 15%"" margin=""0px 0px 0px 50px"" margin__sm=""-90px 0px 0px 0px"" margin__md=""-115px 0px 0px 0px"" bg_color=""rgb(249, 243, 238)"" class=""index-up""]

<h1 class=""tourmaster-single-header-title"">Πακέτο 1:</h1>
<p class=""tourmaster-single-header-title""><strong>Απόλαυση για όσους αναζητούν συγκινήσεις</strong></p>
[ux_text font_size=""1.1""]

<ol>
<li><strong>Rafting</strong>: 30 λεπτά συναρπαστικής διασκέδασης</li>
<li><strong>Ιππασία</strong>: 10-15 λεπτά γραφικής εξερεύνησης</li>
<li><strong>Πεζοπορία</strong> στο Φαράγγι: Διάσχιση των μαγευτικών τοπίων</li>
</ol>
<ul>
<li><strong>€20</strong> για ενήλικες</li>
<li><strong>€10</strong> για παιδιά κάτω των 12 ετών</li>
</ul>
[/ux_text]
<p>[latepoint_book_button selected_agent=""1"" caption=""ΚΑΝΤΕ ΚΡΑΤΗΣΗ ΤΩΡΑ"" selected_service=""1"" css=""margin-top: 10px"" border=""1px solid #111""]</p>

[/col]
[col span=""4"" span__sm=""12"" span__md=""12"" force_first=""medium"" padding=""0px 0px 0px 0px"" padding__sm=""0px 30px 0px 30px"" padding__md=""0px 50px 0px 50px"" margin__md=""0px 0px 0px 0""]

[ux_banner height__sm=""250px"" bg=""10006"" bg_size=""original"" bg_color=""rgba(0, 0, 0, 0)"" bg_pos=""54% 32%"" hover=""zoom""]

[text_box position_x=""50"" position_y=""50""]


[/text_box]

[/ux_banner]

[/col]
[col span=""4"" span__sm=""12"" span__md=""12"" padding=""30% 25% 30% 15%"" padding__sm=""30% 15% 10% 15%"" padding__md=""20% 15% 10% 15%"" margin=""0px 0px 0px -50px"" margin__sm=""-90px 0px 0px 0px"" margin__md=""-115px 0px 0px 0px"" bg_color=""rgba(172, 137, 108, 0.291)"" class=""index-up""]

<h1 class=""tourmaster-single-header-title"">Πακέτο 2:</h1>
<p><strong>Ταξίδι πριπέτειας</strong></p>
[ux_text font_size=""1.1""]

<ol>
<li><strong>Καγιάκ</strong>: 30 λεπτά κωπηλασίας σε παρθένα νερά</li>
<li><strong>Ιππασία</strong>: 10-15 λεπτά ήρεμης ιππασίας</li>
<li><strong>Πεζοπορία</strong> στο Φαράγγι: Ανακαλύψτε την κρυμμένη ομορφιά του φαραγγιού<strong> 2-3 ΩΡΕΣ</strong></li>
</ol>
<ul>
<li><strong>€25</strong> ανά άτομο</li>
</ul>
[/ux_text]
<p>[latepoint_book_button selected_agent=""1"" caption=""ΚΑΝΤΕ ΚΡΑΤΗΣΗ ΤΩΡΑ"" selected_service=""2"" css=""margin-top: 10px"" border=""1px solid #111""]</p>

[/col]

[/row]

[/section]
<h1 style=""text-align: center;"">ΔΡΑΣΤΗΡΙΟΤΗΤΕΣ</h1>
[row label=""Categories"" style=""collapse"" col_bg=""rgb(255, 255, 255)"" width=""full-width""]

[col span__sm=""12""]

[gap height=""70px""]

[row_inner style=""collapse""]

[col_inner span__sm=""12""]

[row_inner_1 style=""small""]

[col_inner_1 span=""4"" span__sm=""12""]

[section bg=""9155"" bg_size=""medium_large"" bg_overlay=""rgba(0, 0, 0, 0.1)"" bg_pos=""25% 50%"" hover=""zoom"" dark=""true"" height=""500px"" height__sm=""300px"" video_visibility=""show-for-small""]

[gap height=""35px""]

[row_inner_2]

[col_inner_2 span__sm=""12"" align=""center""]

[ux_text font_size=""1.55"" line_height=""0.75""]

<h3 class=""uppercase""><a href=""https://ponyclub.gr/el/rafting-kayaking/""><strong>Ραφτινκγ</strong></a></h3>
[/ux_text]
[button text=""περισσότερα"" color=""white"" size=""small"" link=""https://ponyclub.gr/el/rafting-kayaking/""]


[/col_inner_2]

[/row_inner_2]

[/section]

[/col_inner_1]
[col_inner_1 span=""4"" span__sm=""12""]

[section bg=""6413"" bg_size=""medium_large"" bg_overlay=""rgba(0, 0, 0, 0.1)"" bg_pos=""80% 10%"" hover=""zoom"" dark=""true"" height=""500px"" height__sm=""300px""]

[gap height=""35px""]

[row_inner_2]

[col_inner_2 span__sm=""12"" align=""center""]

[ux_text font_size=""1.75"" line_height=""0.75""]

<h3 class=""uppercase""><a href=""https://ponyclub.gr/el/horse-riding/"">Ιππασία</a></h3>
[/ux_text]
[button text=""περισσότερα"" color=""white"" size=""small"" link=""https://ponyclub.gr/el/horse-riding/""]


[/col_inner_2]

[/row_inner_2]

[/section]

[/col_inner_1]
[col_inner_1 span=""4"" span__sm=""12""]

[section bg=""9542"" bg_size=""medium_large"" bg_overlay=""rgba(0, 0, 0, 0.1)"" bg_pos=""56% 72%"" hover=""zoom-long"" dark=""true"" height=""500px"" height__sm=""300px""]

[gap height=""35px""]

[row_inner_2]

[col_inner_2 span__sm=""12"" align=""center""]

[ux_text font_size=""1.75"" line_height=""0.75""]

<h3 class=""uppercase""><a href=""https://ponyclub.gr/el/rafting-kayaking/"">KAYAK</a></h3>
[/ux_text]
[button text=""περισσότερα"" color=""white"" size=""small"" link=""https://ponyclub.gr/el/rafting-kayaking/""]


[/col_inner_2]

[/row_inner_2]

[/section]

[/col_inner_1]

[/row_inner_1]

[/col_inner]

[/row_inner]

[/col]

[/row]
[section label=""Simple Light"" bg=""6438"" bg_color=""rgb(245, 245, 245)"" bg_pos=""0% 54%"" parallax=""5"" padding=""132px"" height=""281px"" divider_top=""fan"" divider=""curve-opacity"" border=""0px 0px 0px 0px"" border_color=""rgb(235, 235, 235)""]

[row]

[col span__sm=""12""]


[/col]

[/row]

[/section]
[ux_text font_size=""1.75"" text_align=""center""]

<h2>Tα άρθρα μας</h2>
[/ux_text]
[blog_posts style=""normal"" type=""row"" columns=""3"" columns__md=""1"" image_height=""56.25%""]

[gap height=""20px""]


<!-- /wp:flatsome/uxbuilder -->",,5602,el,dummy-1.jpg|857069_605795709455548_13615533_o-1.jpg|16111152_720150074827483_854332821_n-20240323-125622-e1711198690260.jpg|12828470_10155582017213644_5370199464071511572_o.jpg|student.png|calendar-date.png|three.png|one.png|two.png|Screenshot-2024-05-01-at-17.04.13.png|Screenshot-2024-05-01-at-17.04.10.png|Screenshot-2024-05-01-at-17.04.13-1.png|Screenshot-2024-05-01-at-17.04.05.png|1-e1716304328328.png|2-e1716304447906.png|2-e1716304511977.png|3-e1716304557951.png|Untitled-design.jpg|Untitled-design-1.jpg
Contact,"<!-- wp:flatsome/uxbuilder -->
[section label=""Hero"" bg=""6438"" bg_color=""rgb(40, 40, 40)"" bg_overlay=""rgba(0, 0, 0, 0.3)"" bg_pos=""48% 50%"" dark=""true"" padding=""140px""]

[row label=""Title""]

[col span__sm=""12"" padding=""20px 0px 0px 0px"" align=""center""]

[ux_text font_size=""1.5""]

<h1>Ελάτε σε επαφή</h1>
<div> </div>
<div>Θέλετε να επικοινωνήσετε μαζί μας; Θα θέλαμε πολύ να σας ακούσουμε.</div>
<div>Δείτε πώς μπορείτε να επικοινωνήσετε μαζί μας...</div>
[/ux_text]

[/col]

[/row]

[/section]
[section label=""Content"" bg_color=""rgb(244, 244, 244)""]

[row label=""Blocks""]

[col span__sm=""12"" margin=""-100px 0px 0px 0px""]

[row_inner col_bg=""rgb(255,255,255)"" v_align=""equal"" padding=""40px 40px 40px 40px""]

[col_inner span=""6"" span__sm=""12"" align=""center""]

[featured_box img=""9130"" pos=""center"" margin=""0px 0px 0px 0px""]

<h3>ΤΟΠΟΘΕΣΙΑ</h3>
<div> </div>
<div>Πηγές του ποταμού Αχέροντα</div>
<div>Γλυκή, Θεσπορίτας</div>
<div>46200, Ελλάδα</div>
<div> </div>
<h3>ΩΡΕΣ ΑΝΟΙΞΗΣ</h3>
<div> </div>
<div>Δευτέρα έως Παρασκευή: 10 π.μ. - 6 μ.μ.</div>
<div>Σάββατο: Σάββατο: 9 π.μ. - 6 μ.μ.</div>
<div>Κυριακή: 9 π.μ. - 5 μ.μ.</div>
<div> </div>
<div>κατά τη διάρκεια της σεζόν, κατά τα άλλα είμαστε ανοιχτοί κατόπιν αιτήματος</div>
[gap height=""20px""]


[/featured_box]

[/col_inner]
[col_inner span=""6"" span__sm=""12"" align=""center""]

[featured_box img=""9132"" pos=""center""]

<h3>ΤΗΛΕΦΩΝΟ</h3>
<div> </div>
<div>+ 30 698 661 7090 / Ηλίας</div>
<div> </div>
<div>+ 30 698 086 1611 / Σταύρος</div>
[gap height=""20px""]

<h3 class=""uppercase"">E-mail</h3>
<p>info@ponyclub.gr</p>

[/featured_box]

[/col_inner]
[col_inner span__sm=""12"" align=""left""]

<p>[wpgmza id=""1""]</p>


[/col_inner]

[/row_inner]

[/col]

[/row]

[/section]

<!-- /wp:flatsome/uxbuilder -->",,5657,el,chat.png|contact-mail.png
Home,"<!-- wp:flatsome/uxbuilder -->
[ux_banner height=""700px"" bg=""8810"" bg_size=""original"" divider_top=""arrow"" divider=""waves-opacity-3"" video_visibility=""visible""]


[/ux_banner]
[row]

[col span=""4"" span__sm=""12""]

[ux_image id=""9424"" image_size=""original"" link=""https://www.google.com/search?sa=X&amp;sca_esv=a69b8a5a4d8be7ee&amp;sca_upv=1&amp;hl=fi&amp;cs=0&amp;biw=1462&amp;bih=766&amp;tbm=lcl&amp;sxsrf=ACQVn0-Ymx0CYE_yuTVOXR3NF2mWm8ukBA:1714572671248&amp;q=Pony+Club+Ecotourism+Arvostelut&amp;rflfq=1&amp;num=20&amp;stick=H4sIAAAAAAAAAONgkxI2NDc1MrM0MLU0sjQ1NbYwNTG03MDI-IpRPiA_r1LBOac0ScE1Ob8kv7QoszhXwbGoLL-4JDWntGQRKyEVAMaz8yZeAAAA&amp;rldimm=1752690592955385419&amp;ved=2ahUKEwjFjov40OyFAxWiAxAIHaZOA0cQ9fQKegQIRBAF#lkt=LocalPoiReviews""]


[/col]
[col span=""4"" span__sm=""12""]

[ux_image id=""9426"" image_size=""original"" link=""https://www.tripadvisor.com/Attraction_Review-g1188928-d8472505-Reviews-Pony_Club_Acheron-Glyki_Thesprotia_Region_Epirus.html""]


[/col]
[col span=""4"" span__sm=""12""]

[ux_image id=""9430"" image_size=""original"" link=""https://www.facebook.com/ponyclubgreece/reviews""]


[/col]

[/row]
[section label=""About Banner"" bg_color=""#93c0b5"" padding=""0px"" padding__sm=""20px"" padding__md=""40px"" divider_top=""curve-invert"" divider=""curve-2""]

[row]

[col span__sm=""12"" padding=""-20px 0px 0px 0px"" bg_color=""rgb(255,255,255)""]

[gap]

[ux_video url=""https://player.vimeo.com/video/278347033?autoplay=1&loop=1&title=0&byline=0&portrait=0&badge=0""]

[ux_text font_size=""1.1"" text_align=""center""]

<h2>Welcome to Pony Club</h2>
<p style=""text-align: center;"">We at the Pony Club welcome you to enjoy your day at the refreshing springs of the<br />mythological Acheron river. From this very river the gods themselves drank the elixir of life and most important of all -<br />Charon guided the dead souls to the Underworld of Hades.</p>
<p style=""text-align: center;""><br />The water is freezing cold but you can hardly find cleaner water in Greece. The nature is unique and protected and there are visitors of all over the world.</p>
<p style=""text-align: center;""><br />The village of Glyki is located only 30 KM from Parga and 40 KM from Sivota. </p>
[/ux_text]
[gap]


[/col]

[/row]

[/section]
[section label=""Packages"" padding=""60px"" padding__md=""50px""]

<h1 style=""text-align: center;"">SUMMER OFFERS</h1>
[gap]

[row width=""full-width"" v_align=""middle""]

[col span=""4"" span__sm=""12"" span__md=""12"" padding=""30% 25% 30% 15%"" padding__sm=""30% 15% 10% 15%"" padding__md=""20% 15% 10% 15%"" margin=""0px 0px 0px 50px"" margin__sm=""-90px 0px 0px 0px"" margin__md=""-115px 0px 0px 0px"" bg_color=""rgb(249, 243, 238)"" class=""index-up""]

<h1 class=""tourmaster-single-header-title"">Package 1:</h1>
<p class=""tourmaster-single-header-title"">Pleasure for thrill seekers</p>
[ux_text font_size=""1.1""]

<ol>
 	<li><strong>Rafting</strong>: 30 minutes of thrilling fun</li>
 	<li><strong>Riding</strong>: 10-15 minutes of scenic exploration</li>
 	<li><strong>Hiking</strong> in the Gorge: Discover the hidden beauty of the canyon</li>
</ol>
<ul>
 	<li><strong>20</strong> € for adults</li>
 	<li><strong>10</strong> € for children under 12 yo.</li>
</ul>
[/ux_text]
<p>[latepoint_book_button selected_agent=""1"" caption=""Book Now"" selected_service=""1"" css=""margin-top: 10px""]</p>

[/col]
[col span=""4"" span__sm=""12"" span__md=""12"" force_first=""medium"" padding=""0px 0px 0px 0px"" padding__sm=""0px 30px 0px 30px"" padding__md=""0px 50px 0px 50px"" margin__md=""0px 0px 0px 0""]

[ux_banner height__sm=""250px"" bg=""10005"" bg_size=""original"" bg_color=""rgba(0, 0, 0, 0)"" bg_pos=""54% 35%"" hover=""zoom"" border=""0px 0px 0px 0px""]

[text_box position_x=""50"" position_y=""50""]


[/text_box]

[/ux_banner]

[/col]
[col span=""4"" span__sm=""12"" span__md=""12"" padding=""30% 25% 30% 15%"" padding__sm=""30% 15% 10% 15%"" padding__md=""20% 15% 10% 15%"" margin=""0px 0px 0px -50px"" margin__sm=""-90px 0px 0px 0px"" margin__md=""-115px 0px 0px 0px"" bg_color=""rgba(172, 137, 108, 0.291)"" class=""index-up""]

<h1 class=""tourmaster-single-header-title"">Package 2:</h1>
<p class=""tourmaster-single-header-title"">Journey of the Adventurer</p>
[ux_text font_size=""1.1""]

<ol>
 	<li><strong>Kayaking</strong>: 30 minutes of paddling in pristine waters</li>
 	<li><strong>Riding</strong>: 10-15 minutes of calm horseback riding in pristine wilderness</li>
 	<li><strong>Hiking</strong> in the Gorge: Discover the hidden beauty of the canyon 2-3 HOURS</li>
</ol>
<ul>
 	<li><b>25€ </b>per person</li>
</ul>
[/ux_text]
<p>[latepoint_book_button selected_agent=""any"" caption=""Book Now"" selected_service=""9"" css=""margin-top: 10px"" border=""1px solid #111""]</p>

[/col]

[/row]

[/section]
<h1 style=""text-align: center;"">OUR ACTIVITIES</h1>
[row label=""Categories"" style=""collapse"" col_bg=""rgb(255, 255, 255)"" width=""full-width""]

[col span__sm=""12""]

[gap height=""70px""]

[row_inner style=""collapse""]

[col_inner span__sm=""12""]

[row_inner_1 style=""small""]

[col_inner_1 span=""4"" span__sm=""12""]

[section bg=""9155"" bg_size=""medium_large"" bg_overlay=""rgba(0, 0, 0, 0.1)"" bg_pos=""25% 50%"" hover=""zoom"" dark=""true"" height=""500px"" height__sm=""300px"" video_visibility=""show-for-small""]

[gap height=""35px""]

[row_inner_2]

[col_inner_2 span__sm=""12"" align=""center""]

[ux_text font_size=""1.55"" line_height=""0.75""]

<h3 class=""uppercase""><a href=""https://ponyclub.gr/rafting-and-kayaking/""><strong>RAFTING</strong></a></h3>
[/ux_text]
[button text=""LEARN MORE"" color=""white"" size=""small"" link=""https://ponyclub.gr/rafting-and-kayaking/""]


[/col_inner_2]

[/row_inner_2]

[/section]

[/col_inner_1]
[col_inner_1 span=""4"" span__sm=""12""]

[section bg=""6413"" bg_size=""medium_large"" bg_overlay=""rgba(0, 0, 0, 0.1)"" bg_pos=""80% 10%"" hover=""zoom"" dark=""true"" height=""500px"" height__sm=""300px""]

[gap height=""35px""]

[row_inner_2]

[col_inner_2 span__sm=""12"" align=""center""]

[ux_text font_size=""1.75"" line_height=""0.75""]

<h3 class=""uppercase""><a href=""https://ponyclub.gr/horse-riding/"">RIDING</a></h3>
[/ux_text]
[button text=""LEARN MORE"" color=""white"" size=""small"" link=""https://ponyclub.gr/horse-riding/""]


[/col_inner_2]

[/row_inner_2]

[/section]

[/col_inner_1]
[col_inner_1 span=""4"" span__sm=""12""]

[section bg=""9542"" bg_size=""medium_large"" bg_overlay=""rgba(0, 0, 0, 0.1)"" bg_pos=""56% 72%"" hover=""zoom-long"" dark=""true"" height=""500px"" height__sm=""300px""]

[gap height=""35px""]

[row_inner_2]

[col_inner_2 span__sm=""12"" align=""center""]

[ux_text font_size=""1.75"" line_height=""0.75""]

<h3 class=""uppercase""><a href=""https://ponyclub.gr/rafting-and-kayaking/"">Kayak</a></h3>
[/ux_text]
[button text=""LEARN MORE"" color=""white"" size=""small"" link=""https://ponyclub.gr/rafting-and-kayaking/""]


[/col_inner_2]

[/row_inner_2]

[/section]

[/col_inner_1]

[/row_inner_1]

[/col_inner]

[/row_inner]

[/col]

[/row]
[section label=""Simple Light"" bg=""6438"" bg_color=""rgb(245, 245, 245)"" bg_pos=""0% 54%"" parallax=""5"" padding=""132px"" height=""181px"" divider_top=""fan"" divider=""curve-opacity"" border=""0px 0px 0px 0px"" border_color=""rgb(235, 235, 235)""]

[row]

[col span__sm=""12""]


[/col]

[/row]

[/section]
[ux_text font_size=""1.75"" text_align=""center""]

<h2>Our Blog</h2>
[/ux_text]
[blog_posts style=""normal"" type=""row"" columns=""3"" columns__md=""1"" image_height=""56.25%""]

[gap height=""20px""]


<!-- /wp:flatsome/uxbuilder -->",,5602,en,dummy-1.jpg|857069_605795709455548_13615533_o-1.jpg|16111152_720150074827483_854332821_n-20240323-125622-e1711198690260.jpg|12828470_10155582017213644_5370199464071511572_o.jpg|student.png|calendar-date.png|three.png|one.png|two.png|Screenshot-2024-05-01-at-17.04.13.png|Screenshot-2024-05-01-at-17.04.10.png|Screenshot-2024-05-01-at-17.04.13-1.png|Screenshot-2024-05-01-at-17.04.05.png|1-e1716304328328.png|2-e1716304511977.png|3-e1716304557951.png|2-e1716304447906.png|Untitled-design.jpg|Untitled-design-1.jpg
"Rafting and Kayaking","<!-- wp:flatsome/uxbuilder -->
[gap]

[row label=""Hero Row"" style=""collapse"" width=""full-width"" v_align=""middle"" h_align=""center""]

[col span=""7"" span__sm=""12"" span__md=""12"" force_first=""medium""]

[ux_banner height=""82.01%"" height__sm=""300px"" height__md=""500px"" bg=""9154"" bg_size=""original"" bg_color=""rgb(255, 255, 255)"" bg_pos=""15% 60%""]


[/ux_banner]

[/col]
[col span=""5"" span__sm=""11"" span__md=""10"" padding=""30px 10% 30px 10%"" padding__md=""50px 0px 50px 0px"" bg_color=""#aaa08d"" color=""light""]

[ux_text font_size=""1.2""]

<h2 style=""text-align: center;"">RAFTING</h2>
In Ancient Greece, Charon – Hades’ ferry man – carried the souls to Hell across the Acheron River. Now it’s your turn to follow the steps of the ancient heroes, such as Hercules, Orpheus and Dionysus.

The trip takes about 30-40 minutes, depending on how fast you can row the boat. Also beware of the notorious pirates that are known of sailing this river. Hoist the flag and prepare to battle – water battle!
[/ux_text]
[ux_text font_size=""1.2""]

<p>Rafting is a great way to experience the river with your friends and family. The river is very easy and excellent for children and beginners!</p>
<ul>
<li>You will have a qualified rafting instructor with you during the whole trip. You can also take your camera with you.</li>
<li>We will bring you back to the starting point with Pony Club’s minibus.</li>
<li>Pony Club will provide helmets and life jackets.</li>
</ul>
[/ux_text]
<p>[latepoint_book_button selected_agent=""1"" caption=""Book Now"" selected_service=""1"" css=""margin-top: 10px""]</p>

[/col]

[/row]
[row label=""Quote Row"" style=""collapse"" width=""full-width"" v_align=""middle"" h_align=""center""]

[col span__sm=""12"" span__md=""12""]

[gap]


[/col]

[/row]
[row label=""Article Row"" style=""collapse"" col_bg=""#6fab81"" width=""full-width"" v_align=""middle"" h_align=""center""]

[col span=""5"" span__sm=""12"" span__md=""10"" color=""light""]

[row_inner v_align=""middle"" h_align=""center""]

[col_inner span__sm=""11"" span__md=""12"" padding=""0px 15% 0px 10%"" padding__md=""0px 0px 0px 0px"" align=""left""]

[gap height=""50px""]

[ux_text font_size=""1.5"" text_align=""left""]

<h3>KAYAK</h3>
[/ux_text]
[ux_text font_size=""1.2""]

<p><strong>If you are looking for more adrenaline</strong>, then this one is for you! We have inflatable single and double kayaks to choose from. This time you will definitely get wet so leave all your valuable items in your car or with us! The trip route is the same as with Rafting.</p>
[/ux_text]
<p>[latepoint_book_button selected_agent=""any"" caption=""Book Now"" selected_service=""9"" css=""margin-top: 10px"" border=""1px solid #111""]</p>

[/col_inner]

[/row_inner]

[/col]
[col span=""7"" span__sm=""12"" span__md=""12""]

[ux_banner height=""400px"" height__sm=""150px"" height__md=""250px"" bg=""9978"" bg_size=""original"" bg_color=""rgb(255, 255, 255)"" bg_pos=""65% 50%""]


[/ux_banner]

[/col]

[/row]
[section label=""Packages""]

[row]

[col span__sm=""12""]


[/col]

[/row]

[/section]
[gap]


<!-- /wp:flatsome/uxbuilder -->",,17736,en,DSC_3397-1.jpg|5371_122987353643_4326201_n-topaz-enhance-4x.jpg|Kano-e1711549679949-1.jpeg
ΔΙΗΜΕΡΗ,"<!-- wp:flatsome/uxbuilder -->
[section]

[ux_text font_size=""1.5"" text_align=""center""]

<h3 class=""uppercase"">ΔΙΗΜΕΡΗ ΑΠΟΔΡΑΣΗ ΜΕ ΔΙΑΝΥΚΤΕΡΕΥΣΗ</h3>
[/ux_text]
[gap]

[divider align=""center"" width=""80px"" color=""rgb(16, 13, 13)""]


[/section]
[row label=""Banner + Icons"" style=""collapse"" col_bg=""rgb(255,255,255)"" width=""full-width"" v_align=""middle""]

[col span=""5"" span__sm=""12"" span__md=""12""]

[ux_text font_size=""2.25"" font_size__sm=""2"" line_height=""1""]

<h3><strong>Πακέτο Διήμερης Περιπέτειας</strong></h3>
[/ux_text]
[ux_image id=""9147"" image_size=""original""]


[/col]
[col span=""7"" span__sm=""12"" span__md=""12"" padding=""0px 15% 0px 15%"" padding__sm=""40px 15% 30px 15%"" padding__md=""60px 15% 60px 15%""]

[gap]

[gap]

[ux_text text_align=""center""]

<p>Ζήστε μια αξέχαστη διήμερη εμπειρία γεμάτη περιπέτεια και εξερεύνηση! Το πακέτο μας σας προσκαλεί να απολαύσετε την ομορφιά της φύσης και την ένταση των δραστηριοτήτων μας, με την πολυτέλεια μιας διανυκτέρευσης σε επιλεγμένες εγκαταστάσεις που εξασφαλίζουν άνεση και φιλοξενία.</p>
[/ux_text]
[ux_text font_size=""1.05""]

<ul>
<li><strong>Ιππασία (30 λεπτά)</strong>: Αφεθείτε στην ηρεμία της φύσης με μια καθηλωτική εμπειρία ιππασίας. Διασχίστε αρχαία μονοπάτια και εξερευνήστε την αγροτική ομορφιά της περιοχής από μια μοναδική σκοπιά.</li>
<li><strong>Ράφτινγκ</strong>: Πλοηγηθείτε μέσα από τα καταρράκτες και τα ρεύματα του ποταμού σε μια δυναμική περιπέτεια ράφτινγκ. Αφήστε την αδρεναλίνη να σας κατακλύσει καθώς αντιμετωπίζετε τις προκλήσεις του νερού.</li>
<li><strong>Πεζοπορία</strong>: Ανακαλύψτε τα μυστικά της φύσης με μια ξεχωριστή πεζοπορία. Εξερευνήστε πανέμορφα τοπία, φαράγγια και ορεινά μονοπάτια που υπόσχονται ανεπανάληπτες θέες και στιγμές ηρεμίας.</li>
</ul>
<p> </p>
[/ux_text]
[row_inner]

[col_inner span=""6"" span__sm=""12""]

[ux_text text_align=""center""]

<p>[latepoint_book_button caption=""Book Now"" selected_agent=""1"" selected_service=""6""]</p>
[/ux_text]

[/col_inner]
[col_inner span=""6"" span__sm=""12""]

<p>το πακέτο μας προσφέρεται στην ειδική τιμή των <strong>60€</strong> ανά άτομο,</p>

[/col_inner]

[/row_inner]
<p><strong>Τιμολόγηση</strong>: περιλαμβάνοντας όλες τις δραστηριότητες και τη διανυκτέρευση σε πολυτελείς εγκαταστάσεις με πρωινό.</p>
<p>Προσκαλούμε τους περιπετειώδεις ταξιδιώτες να αφεθούν στην αγκαλιά της φύσης και να ζήσουν μια αξέχαστη διήμερη περιπέτεια που θα τους μείνει αξέχαστη για όλη τη ζωή τους</p>

[/col]

[/row]

<!-- /wp:flatsome/uxbuilder -->",,18213,el,
ΤΡΙΗΜΕΡΟ,"<!-- wp:flatsome/uxbuilder -->
[section]

[ux_text font_size=""1.5"" text_align=""center""]

<h1 class=""uppercase"">ΤΡΙΗΜΕΡΟ ΟΝΕΙΡΕΜΕΝΗΣ ΕΞΕΡΕΥΝΗΣΗΣ ΜΕ ΔΥΟ ΔΙΑΝΥΚΤΕΡΕΥΣΕΙΣ</h1>
[/ux_text]
[gap]

[divider align=""center"" width=""80px"" color=""rgb(16, 13, 13)""]

[ux_text text_align=""center""]

<p>Προετοιμαστείτε για την απόλυτη καλοκαιρινή περιπέτεια με το τριήμερο πακέτο μας, σχεδιασμένο για να ξεπεράσει κάθε προσδοκία. Αυτή η προσφορά είναι ιδανική για εκείνους που διψούν για περισσότερη εξερεύνηση και περιπέτεια, συνδυάζοντας την άνεση των διανυκτερεύσεων με την αγνή ομορφιά και τη συναρπαστική δράση της φύσης.</p>
[/ux_text]

[/section]
[row label=""Banner + Icons"" style=""collapse"" col_bg=""rgb(255,255,255)"" width=""full-width"" v_align=""middle""]

[col span=""5"" span__sm=""12"" span__md=""12""]

[ux_text font_size=""2.25"" font_size__sm=""2"" line_height=""1"" text_align=""center"" text_color=""rgb(0, 0, 0)""]

<h3><strong>Τριήμερο Πακέτο Περιπέτειας</strong></h3>
[/ux_text]
[ux_image id=""9147"" image_size=""medium_large"" animate=""fadeInDown""]


[/col]
[col span=""7"" span__sm=""12"" span__md=""12"" padding=""0px 15% 0px 15%"" padding__sm=""40px 15% 30px 15%"" padding__md=""60px 15% 60px 15%""]

[gap]

[ux_text font_size=""1.05""]

<p>Εκτός από όλες τις αγαπημένες σας δραστηριότητες του διήμερου πακέτου, σας προσκαλούμε να βυθιστείτε ακόμη περισσότερο στην εμπειρία της περιπέτειας με επιπλέον δραστηριότητες και στιγμές ξεκούρασης που θα σας αφήσουν ανεξίτηλες αναμνήσεις.</p>
<ul>
<li><b><strong>Απολαύστε μια επιπλέον ημέρα εξερεύνησης</strong></b> στην οποία μπορείτε να επαναλάβετε τις αγαπημένες σας δραστηριότητες ή να επιλέξετε κάτι νέο, ενισχύοντας τη συνολική εμπειρία σας.</li>
<li><b><strong>Εξερευνήστε τοπικές ατραξιόν</strong></b> και πολιτισμικά αξιοθέατα, έχοντας την ευκαιρία να γνωρίσετε από κοντά την πλούσια ιστορία και τον πολιτισμό της περιοχής.</li>
<li><b><strong>Χαλαρώστε και αναζωογονηθείτε</strong></b> με επιπλέον παροχές που προσφέρουν οι εγκαταστάσεις διαμονής, συμπεριλαμβανομένων θεραπειών ευεξίας και χαλαρωτικών στιγμών δίπλα στην πισίνα ή σε κήπους.</li>
</ul>
[/ux_text]
[gap]

[row_inner]

[col_inner span=""6"" span__sm=""12""]

[ux_text text_align=""center""]

<p>[ameliacatalogbooking service=1]</p>

[/ux_text]

[/col_inner]
[col_inner span=""6"" span__sm=""12""]

<p>το πακέτο μας προσφέρεται στην ειδική τιμή των <strong>80€</strong> ανά άτομο,</p>

[/col_inner]

[/row_inner]

[/col]

[/row]
[gap]

<p style=""text-align: center;""><strong>Τιμολόγηση</strong>: περιλαμβάνοντας όλες τις δραστηριότητες και τη διανυκτέρευση σε πολυτελείς εγκαταστάσεις με πρωινό.</p>
<p style=""text-align: center;"">Προσκαλούμε τους περιπετειώδεις ταξιδιώτες να αφεθούν στην αγκαλιά της φύσης και να ζήσουν μια αξέχαστη διήμερη περιπέτεια που θα τους μείνει αξέχαστη για όλη τη ζωή τους</p>
<h2 style=""text-align: center;"">περιλαμβάνεται επίσης</h2>
<p> </p>
<ul>
<li><b><strong>Ιππασία (30 λεπτά)</strong></b>: Αφεθείτε στην ηρεμία της φύσης με μια καθηλωτική εμπειρία ιππασίας. Διασχίστε αρχαία μονοπάτια και εξερευνήστε την αγροτική ομορφιά της περιοχής από μια μοναδική σκοπιά.</li>
<li><b><strong>Ράφτινγκ</strong></b>: Πλοηγηθείτε μέσα από τα καταρράκτες και τα ρεύματα του ποταμού σε μια δυναμική περιπέτεια ράφτινγκ. Αφήστε την αδρεναλίνη να σας κατακλύσει καθώς αντιμετωπίζετε τις προκλήσεις του νερού.</li>
<li><b><strong>Πεζοπορία</strong></b>: Ανακαλύψτε τα μυστικά της φύσης με μια ξεχωριστή πεζοπορία. Εξερευνήστε πανέμορφα τοπία, φαράγγια και ορεινά μονοπάτια που υπόσχονται ανεπανάληπτες θέες και στιγμές ηρεμίας.</li>
</ul>

<!-- /wp:flatsome/uxbuilder -->",,18227,el,
Contact,"<!-- wp:flatsome/uxbuilder -->
[section label=""Hero"" bg=""6438"" bg_color=""rgb(40, 40, 40)"" bg_overlay=""rgba(0, 0, 0, 0.3)"" bg_pos=""48% 50%"" dark=""true"" padding=""140px""]

[row label=""Title""]

[col span__sm=""12"" padding=""20px 0px 0px 0px"" align=""center""]

<h2 style=""font-size:200%;"">Get in touch</h2>
<p>Want to get in touch? We'd love to hear from you. Here's how you can reach us...</p>

[/col]

[/row]

[/section]
[section label=""Content"" bg_color=""rgb(244, 244, 244)""]

[row label=""Blocks""]

[col span__sm=""12"" margin=""-100px 0px 0px 0px""]

[row_inner col_bg=""rgb(255,255,255)"" v_align=""equal"" padding=""40px 40px 40px 40px""]

[col_inner span=""6"" span__sm=""12"" align=""center""]

[featured_box img=""9130"" pos=""center"" margin=""0px 0px 0px 0px""]

<h3>LOCATION</h3>
<p>Springs of Acheron River<br />Glyki, Thesporitas<br />46200, Greece</p>
<p> </p>
<h3 class=""uppercase"">Opening Hours</h3>
<p>Mon to Fri: 10 am - 6 pm<br />Saturday: 9 am - 6 pm<br />Sunday: 9 am - 5 pm</p>
<p>during season, otherwise we are open on request</p>
[gap height=""20px""]


[/featured_box]

[/col_inner]
[col_inner span=""6"" span__sm=""12"" align=""center""]

[featured_box img=""9132"" pos=""center""]

<h3 class=""uppercase"">phone</h3>
<p>We speak Greek, English and Finnish.</p>
<h3>+ 30 698 661 7090</h3>
[gap height=""20px""]

<h3 class=""uppercase"">E-mail</h3>
<p>info@ponyclub.gr</p>
<p><em>During summer season we kindly ask you to call us, as it gets busy and we can be a bit slow to answer to email (1-2 days)</em></p>

[/featured_box]

[/col_inner]
[col_inner span__sm=""12"" align=""left""]

[ux_html label=""map""]

<script src=""https://cdn.commoninja.com/sdk/latest/commonninja.js"" defer></script>
<div class=""commonninja_component pid-e221e1f8-5628-4e78-9b72-a9f19de331f0""></div>
[/ux_html]

[/col_inner]

[/row_inner]

[/col]

[/row]

[/section]

<!-- /wp:flatsome/uxbuilder -->",,5657,en,
Activities,"<!-- wp:html -->
[tourmaster_tour category="""" num-fetch=""6"" pagination=""page"" tour-style=""grid"" column-size=""3"" thumbnail-size=""full"" tour-info=""duration-text, availability"" excerpt-number=""20"" tour-rating=""enable"" ]
<!-- /wp:html -->",,18262,en,
"Cookie Policy (EU)","<!-- wp:complianz/document {""title"":""Cookie Policy (EU)"",""selectedDocument"":""cookie-statement""} /-->",,18266,en,
"Privacy Statement (EU)","<!-- wp:complianz/document {""title"":""Privacy Statement (EU)"",""selectedDocument"":""privacy-statement""} /-->",,18268,en,
Accommodation,"<!-- wp:flatsome/uxbuilder {""translatedWithWPMLTM"":""1""} -->
[section label=""Hero Image"" bg=""6438"" bg_pos=""64% 49%"" height=""500px"" height__sm=""300px"" height__md=""400px""]


[/section]
[section label=""Hero Text""]

[row h_align=""center""]

[col span=""7"" span__sm=""12"" span__md=""12"" padding=""0px 10% 0px 0px""]

[gap height__sm=""10px"" height__md=""20px""]

[ux_text font_size=""1.55""]

Accommodation
[/ux_text]
The village of Glyki serves as the recreational hub of the area, offering a complete range of infrastructure in hotels, activities, and entertainment. It has become one of the most popular destinations.

Visitors can stay in newly built hotels that meet all modern standards and amenities, while also experiencing the renowned hospitality of Epirus.

[/col]
[col span=""5"" span__sm=""12"" span__md=""12"" padding=""15% 15% 10% 15%"" padding__sm=""15% 10% 5% 10%"" padding__md=""10% 10% 8% 10%"" margin=""-172px 0px 0px 0px"" margin__md=""0 0px 0px 0px"" bg_color=""rgb(241, 241, 241)"" border=""10px 0px 0px 0px"" border_color=""rgb(73, 193, 147)""]

[ux_text font_size=""1.25""]

PROMOTIONS
[/ux_text]
<div>- It is just half an hour from the coast, Parga Sivota, and about the same distance from Souli and Necromanteio.</div>
<div>- The river, the springs, the surrounding nature compose a landscape of unparalleled beauty, complemented by legends, history and mythology.</div>
<div>- The taverns and bars of the village will really surprise you pleasantly.</div>

[/col]

[/row]

[/section]
[section]

[title style=""center"" text=""Hotel"" tag_name=""h2""]

[row]

[col span=""6"" span__sm=""12""]

[ux_slider]

[ux_image id=""6837""]

[ux_image id=""6840""]


[/ux_slider]

[/col]

[/row]
[row]

[col span=""6"" span__sm=""12""]

[ux_slider]

[ux_image id=""9693"" image_size=""medium_large""]


[/ux_slider]

[/col]
[col span=""6"" span__sm=""12""]

HOTEL ACHERONTAS
Acherontas is located in Glyki, just 30 metres from the Acherontas River and features air conditioning. The Dala Bridge is 3.5 km from the property. Free WiFi is available in all areas of the property.
All units have a TV. There is also a kitchenette, equipped with a fridge and a hob. Each unit has a private bathroom with free toiletries. Towels are available.
Acherontas also includes a sun terrace, a bar and a restaurant. The property also offers packed lunches.
The Tzavelena staircase-path is just 30 metres away. The nearest airport is Ioannina Airport, 45 km from the property.
[button text=""More info"" style=""outline"" radius=""10"" link=""https://www.booking.com/hotel/gr/acherontas.en-gb.html?aid=2378099&amp;label=olr-consentyes%3ACjwKCAjwgdayBhBQEiwAXhMxtvzl5k8TurFNDCmRsB1gsQYlVdrukXsiWCiNFkia7lWxpntGtoK_lhoCXnwQAvD_BwE&amp;sid=71815d4def7ef04027ac98105fa99db1&amp;checkin=2024-06-04;checkout=2024-06-05;dest_id=-817790;dest_type=city;dist=0;group_adults=2;group_children=0;hapos=1;hpos=1;no_rooms=1;req_adults=2;req_children=0;room1=A%2CA;sb_price_type=total;soh=1;sr_order=popularity;srepoch=1716887341;srpvid=c7f94050de600371;type=total;ucfs=1&amp;#no_availability_msg""]


[/col]

[/row]
[gap]

[gap]

[row]

[col span=""6"" span__sm=""12""]

[ux_slider]

[ux_image id=""8801""]

[ux_image id=""8799""]


[/ux_slider]

[/col]
[col span=""6"" span__sm=""12""]

HOTEL EIRINI
We invite you for a unique relaxation and rest in our fully equipped and comfortable studio rooms and suites with our undoubtedly high quality room services.
To taste the traditional dishes and various pies of our restaurant and to sweeten yourselves with the delicious pan and spoon sweets of grandmother.
Enjoy your coffee and your drink in the cafeteria next to the fireplace or on the balcony with the amazing agnanti, listen to the music of your choice and surf the internet.
[button text=""More info"" style=""outline"" radius=""10"" link=""https://www.hoteleirini.gr/""]


[/col]

[/row]

[/section]

<!-- /wp:flatsome/uxbuilder -->",,17942,en,eksoterikoi12.jpeg|eksoterikoi4.jpeg|64822_F8070_.jpg|64823_F8077_.jpg|104762633.jpg
Trekking,"<!-- wp:flatsome/uxbuilder -->
[ux_banner height=""600px"" height__sm=""500px"" bg=""6652"" bg_size=""original"" bg_overlay=""rgba(0, 0, 0, 0.5)"" bg_pos=""27% 44%""]

[text_box width=""54"" width__sm=""66"" position_x=""0"" position_y=""85""]

<h2 class=""thin-font""><span style=""font-size: 36.288px;"">RIVER TREKKING<br />
ACHERON RIVER</span></h2>

[/text_box]

[/ux_banner]
[section label=""About Text""]

[gap height=""40px"" height__sm=""20px""]

[row]

[col span=""4"" span__sm=""12"" span__md=""4"" margin__sm=""0px 0px -20px 0px""]

[gap height=""10px"" visibility=""hide-for-medium""]

[ux_text font_size=""1.75"" line_height=""0.75"" line_height__md=""1.25""]

Trekking routes
[/ux_text]
[ux_image id=""6537""]


[/col]
[col span=""8"" span__sm=""12"" span__md=""8""]

[ux_text font_size=""1.3""]

<ul>
<li>Simple tour of the sources. It takes place throughout the year and is preferred by almost all visitors.</li>
</ul>
<ol>
<li><b>Glyki,  Springs of Acheron rive.<br /></b>Duration 15 min - 1 h. Easy path to walk with children and to see the river area and the springs</li>
<li><b>Glyki, Tzavelaina staircase, Dala bridge return through the river gorge.</b> Duration 2 hours, takes place from May to early October.</li>
<li><b>Souli, Dala bridge, Glyki.</b> Duration 3-4 hours, moderate, and it is usually preferred by mountaineering and nature clubs.</li>
<li><b>Mills of Souli – Acheron sources.</b> Experts consider it one of the most beautiful and exciting routes in Greece. Duration 3-4 hours, and it is moderate to difficult. It takes place from May to early October, because for most of the route we walk in the water.</li>
</ol>
<ul>
<li>Our company is the only one in the field that provides guides and organizes these routes.</li>
</ul>
[/ux_text]

[/col]

[/row]

[/section]
[ux_slider]

[row]

[col span=""10"" span__sm=""12""]

[ux_gallery ids=""9164,8834,8836,8832,8828,8830,6637,8824"" type=""slider-full""]


[/col]

[/row]

[/ux_slider]

<!-- /wp:flatsome/uxbuilder -->",,17747,en,
Disclaimer,"<!-- wp:complianz/document {""title"":""Disclaimer"",""selectedDocument"":""disclaimer-all""} /-->",,41624,en,
Ιππασία,"<!-- wp:flatsome/uxbuilder -->
[section label=""Hero""]

[row width=""custom"" custom_width=""1300px"" h_align=""right""]

[col span=""7"" span__sm=""12"" span__md=""12"" align=""left""]

[ux_banner height=""99.99%"" height__sm=""300px"" height__md=""600px"" bg=""9201"" bg_size=""original"" bg_color=""rgb(255, 255, 255)"" bg_pos=""76% 37%""]


[/ux_banner]

[/col]

[/row]
[row col_bg=""rgb(246, 246, 246)"" width=""custom"" custom_width=""1300px""]

[col span=""6"" span__sm=""12"" span__md=""12"" padding=""90px 80px 80px 80px"" padding__sm=""40px 20px 40px 20px"" margin=""-650px 0px 0px 0px"" margin__sm=""-31px 0px 0px 0px"" margin__md=""-30px 0px 0px 0px"" align=""center"" bg_color=""#4f281c"" color=""light""]

[ux_text font_size=""1.85"" font_size__sm=""2.5"" font_size__md=""2.5"" line_height=""1.25"" text_align=""center""]

<h1>Ιππασία</h1>
[/ux_text]
[ux_text font_size=""1.1""]

<p style=""text-align: center;"">Η ιππασία στην περιοχή του ποταμού είναι για όλους! Έχουμε μεγάλα άλογα και μικρά πόνι, και όλα είναι καλά συμπεριφερόμενα και ήρεμα.</p>
<p style=""text-align: center;"">Κατά τη διάρκεια της καλοκαιρινής περιόδου θα βρείτε τα περισσότερα άλογά μας στην περιοχή των πηγών του ποταμού, όπου πραγματοποιούνται όλες οι δραστηριότητές μας.</p>
<p style=""text-align: center;"">Σας παρέχουμε κράνη!</p>
[/ux_text]

[/col]

[/row]

[/section]
[section label=""About Us"" padding=""60px""]

[row width=""custom"" custom_width=""1300px""]

[col span__sm=""12""]

[ux_banner height=""600px"" height__sm=""300px"" bg=""9195"" bg_size=""original"" bg_color=""rgb(255, 255, 255)"" bg_pos=""50% 26%""]


[/ux_banner]
[row_inner]

[col_inner span=""5"" span__sm=""12"" span__md=""12"" padding=""40px 60px 40px 60px"" padding__sm=""40px 30px 40px 30px"" margin=""-530px 0px 0px 100px"" margin__sm=""-40px 0px 0px 0px"" margin__md=""-39px 0px 0px 0px"" bg_color=""#564738"" color=""light""]

[ux_text font_size=""1.1"" text_align=""center""]

<h3>Ξεκινήστε από την περιοχή της πηγής</h3>
<p>(από τον Απρίλιο έως τον Σεπτέμβριο):</p>
<ul>
<li><strong>15 λεπτά</strong> καθοδηγούμενη ιππασία στις πηγές - 10 €</li>
<li><strong>30 λεπτά</strong> καθοδηγούμενη ιππασία στις πηγές - 20 €</li>
</ul>
<p> </p>
<p>Θέλετε να πάτε περισσότερο; Στείλτε μας email!</p>
[/ux_text]
[gap height=""10px""]

<p>[latepoint_book_button selected_agent=""1"" caption=""Κάντε Κράτηση Τώρα"" selected_service=""1"" css=""margin-top: 10px""]</p>


[/col_inner]

[/row_inner]

[/col]

[/row]

[/section]
[section label=""Story"" padding=""90px""]

[row style=""small"" width=""custom"" custom_width=""1300px"" v_align=""middle""]

[col label=""banner"" span=""6"" span__sm=""12"" span__md=""12""]

[ux_banner height=""800px"" height__sm=""300px"" height__md=""500px"" bg=""8840"" bg_size=""original"" bg_color=""rgb(255, 255, 255)"" bg_pos=""30% 42%""]


[/ux_banner]

[/col]
[col span=""5"" span__sm=""12"" span__md=""11"" padding=""0px 0px 0px 90px"" padding__md=""30px 0px 0px 30px""]

[ux_text font_size=""2""]

<h3>Create memories</h3>
[/ux_text]
[ux_text font_size=""1.1""]

<p>με τις αποκλειστικές προσφορές μας για φωτογραφήσεις, προσαρμοσμένες μόνο για εσάς. Επιλέξτε το τέλειο σκηνικό για την ιστορία σας:</p>
<ul>
<li>Instagram Adventure: Βυθιστείτε στον ζωντανό κόσμο του Instagram με μια προσαρμοσμένη φωτογράφιση <strong>μόνο με 20€</strong>. Οι επαγγελματίες φωτογράφοι μας και ο υπερσύγχρονος εξοπλισμός μας είναι έτοιμοι να ζωντανέψουν το όραμά σας.</li>
<li>Γαμήλια ευτυχία: Πείτε ""ναι"" για να αποτυπώσετε την ουσία της ξεχωριστής σας ημέρας με το πακέτο φωτογράφησης <strong>γάμου για 100€</strong>. Οι έμπειροι φωτογράφοι μας θα διασφαλίσουν ότι κάθε πολύτιμη στιγμή θα απαθανατιστεί με εκπληκτική λεπτομέρεια, χρησιμοποιώντας τον καλύτερο φωτογραφικό εξοπλισμό για να παραδώσουν φωτογραφίες αντάξιες της ιστορίας της αγάπης σας.</li>
</ul>
<p>Και με τις δύο επιλογές, δεν παίρνετε απλώς φωτογραφίες, αλλά διατηρείτε αναμνήσεις. Κλείστε τη συνεδρία σας σήμερα και αφήστε μας να αναδείξουμε το ταξίδι σας με τον πιο εξαίσιο τρόπο.</p>
<p>Ερωτήσεις στο info@ponyclub.gr</p>
[/ux_text]

[/col]

[/row]

[/section]

<!-- /wp:flatsome/uxbuilder -->",,17740,el,IMG_2804.jpeg|7A3039B0-F9A8-48FA-840A-D68ECEDCBE4C.jpg|5371_122987353643_4326201_n-topaz-enhance-4x-1.jpg|trekkin-topaz-enhance-2x-faceai.jpg|1935863_122988888643_6899131_n-topaz-enhance-2x-faceai.jpg|IMG_3540.heic|IMG_3540-1.heic
"Ράφτινγκ και καγιάκ","<!-- wp:flatsome/uxbuilder -->
[gap]

[row label=""Hero Row"" style=""collapse"" width=""full-width"" v_align=""middle"" h_align=""center""]

[col span=""7"" span__sm=""12"" span__md=""12"" force_first=""medium""]

[ux_banner height=""82.01%"" height__sm=""300px"" height__md=""500px"" bg=""9154"" bg_size=""original"" bg_color=""rgb(255, 255, 255)"" bg_pos=""15% 60%""]


[/ux_banner]

[/col]
[col span=""5"" span__sm=""11"" span__md=""10"" padding=""30px 10% 30px 10%"" padding__md=""50px 0px 50px 0px"" bg_color=""#aaa08d"" color=""light""]

[ux_text font_size=""1.2""]

<h2>RAFTING</h2>
<p>Στην Αρχαία Ελλάδα, ο Χάροντας, ο άνθρωπος του Άδη, μετέφερε τις ψυχές στην Κόλαση μέσω του ποταμού Αχέροντα. Τώρα είναι η σειρά σας να ακολουθήσετε τα βήματα των αρχαίων ηρώων, όπως ο Ηρακλής, ο Ορφέας και ο Διόνυσος. Το ταξίδι διαρκεί περίπου 30-40 λεπτά, ανάλογα με το πόσο γρήγορα μπορείτε να κωπηλατήσετε τη βάρκα. Προσέξτε επίσης τους διαβόητους πειρατές που είναι γνωστό ότι πλέουν σε αυτό το ποτάμι. Σηκώστε τη σημαία και ετοιμαστείτε για μάχη - μάχη στο νερό!</p>
[/ux_text]
[ux_text font_size=""1.2""]

<p>Το ράφτινγκ είναι ένας πολύ καλός τρόπος για να ζήσετε την εμπειρία του ποταμού με τους φίλους και την οικογένειά σας. Το ποτάμι είναι πολύ εύκολο και εξαιρετικό για παιδιά και αρχάριους!</p>
<ul>
<li>Θα έχετε μαζί σας έναν εξειδικευμένο εκπαιδευτή ράφτινγκ καθ' όλη τη διάρκεια του ταξιδιού. Μπορείτε επίσης να πάρετε μαζί σας τη φωτογραφική σας μηχανή.</li>
<li>Εσείς και η ομάδα σας θα επιστρέψετε στο σημείο εκκίνησης με το μικρό λεωφορείο της Pony Club.</li>
<li>Η Pony Club θα σας παρέχει κράνη και σωσίβια.</li>
</ul>
[/ux_text]
<p>[latepoint_book_button selected_agent=""1"" caption=""Κάντε Κράτηση Τώρα"" selected_service=""1"" css=""margin-top: 10px""]</p>


[/col]

[/row]
[row label=""Quote Row"" style=""collapse"" width=""full-width"" v_align=""middle"" h_align=""center""]

[col span__sm=""12"" span__md=""12""]

[gap]


[/col]

[/row]
[row label=""Article Row"" style=""collapse"" col_bg=""#6fab81"" width=""full-width"" v_align=""middle"" h_align=""center""]

[col span=""5"" span__sm=""12"" span__md=""10"" color=""light""]

[row_inner v_align=""middle"" h_align=""center""]

[col_inner span__sm=""11"" span__md=""12"" padding=""0px 15% 0px 10%"" padding__md=""0px 0px 0px 0px"" align=""left""]

[gap height=""50px""]

[ux_text font_size=""1.5"" text_align=""left""]

<h3>ΚΑΓΙΑΚ</h3>
[/ux_text]
[ux_text font_size=""1.2""]

<p>Αν ψάχνετε για περισσότερη αδρεναλίνη, τότε αυτό είναι για εσάς!</p>
<p>Διαθέτουμε φουσκωτά μονόκλινα και δίκλινα καγιάκ για να διαλέξετε. Αυτή τη φορά σίγουρα θα βραχείτε, γι' αυτό αφήστε όλα τα πολύτιμα αντικείμενά σας στο αυτοκίνητό σας ή σε εμάς! Η διαδρομή είναι η ίδια όπως και με το Rafting.</p>
[/ux_text]
<p>[latepoint_book_button selected_agent=""any"" caption=""Κάντε Κράτηση Τώρα"" selected_service=""9"" css=""margin-top: 10px"" border=""1px solid #111""]</p>


[/col_inner]

[/row_inner]

[/col]
[col span=""7"" span__sm=""12"" span__md=""12""]

[ux_banner height=""400px"" height__sm=""150px"" height__md=""250px"" bg=""9978"" bg_size=""original"" bg_color=""rgb(255, 255, 255)"" bg_pos=""65% 50%""]


[/ux_banner]

[/col]

[/row]
[gap]


<!-- /wp:flatsome/uxbuilder -->",,17736,el,DSC_3397-1.jpg|5371_122987353643_4326201_n-topaz-enhance-4x.jpg|Kano-e1711549679949-1.jpeg
Packages,"<!-- wp:flatsome/uxbuilder -->
[section]

<p class=""lead""><strong>Need a break from the bruning sun and tourist crowds?</strong></p>
<ul>
<li>We arrange you a complete package full of fun activities and good company which you can enjoy with your family or with your dare devil friends.</li>
<li>All the activities are happening in the same area and we arrange your local transportation.</li>
<li>Our qualified instructors guide you through your day.</li>
<li>All you need with you is:</li>
</ul>
<div id=""row-1516530732"" class=""row"">
<div id=""col-980909654"" class=""col medium-2 small-12 large-2"">
<div class=""col-inner"">
<div class=""icon-box featured-box icon-box-center text-center"">
<div class=""icon-box-img"">
<div class=""icon"">
<div class=""icon-inner""><picture><source srcset=""https://ponyclub.gr/wp-content/uploads/unnamed.png.webp"" type=""image/webp"" /><img class=""attachment-medium size-medium scaled-image"" title=""Forced to wrong size: 71x74, natural is 256x256!"" src=""https://ponyclub.gr/wp-content/uploads/unnamed.png"" alt="""" width=""256"" height=""256"" data-eio=""p"" /></picture></div>
</div>
</div>
<div class=""icon-box-text last-reset"">
<div id=""gap-1760131367"" class=""gap-element clearfix""> </div>
<h4 data-line-height=""s"">Swimming suit</h4>
</div>
</div>
</div>
</div>
<div id=""col-958061648"" class=""col medium-2 small-12 large-2"">
<div class=""col-inner"">
<div class=""icon-box featured-box icon-box-center text-center"">
<div class=""icon-box-img"">
<div class=""icon"">
<div class=""icon-inner""><picture><source srcset=""https://ponyclub.gr/wp-content/uploads/travel_suncream-512-400x400.png.webp 400w, https://ponyclub.gr/wp-content/uploads/travel_suncream-512-280x280.png.webp 280w, https://ponyclub.gr/wp-content/uploads/travel_suncream-512.png.webp 512w"" type=""image/webp"" sizes=""(max-width: 400px) 100vw, 400px"" /><img class=""attachment-medium size-medium scaled-image"" title=""Forced to wrong size: 71x74, natural is 400x400!"" src=""https://ponyclub.gr/wp-content/uploads/travel_suncream-512-400x400.png"" sizes=""(max-width: 400px) 100vw, 400px"" srcset=""https://ponyclub.gr/wp-content/uploads/travel_suncream-512-400x400.png 400w, https://ponyclub.gr/wp-content/uploads/travel_suncream-512-280x280.png 280w, https://ponyclub.gr/wp-content/uploads/travel_suncream-512.png 512w"" alt="""" width=""400"" height=""400"" data-eio=""p"" /></picture></div>
</div>
</div>
<div class=""icon-box-text last-reset"">
<div id=""gap-1622170835"" class=""gap-element clearfix""> </div>
<h4 data-line-height=""s"">Sun protection</h4>
</div>
</div>
</div>
</div>
<div id=""col-1911901301"" class=""col medium-2 small-12 large-2"">
<div class=""col-inner"">
<div class=""icon-box featured-box icon-box-center text-center"">
<div class=""icon-box-img"">
<div class=""icon"">
<div class=""icon-inner""><picture><source srcset=""https://ponyclub.gr/wp-content/uploads/camera.png.webp"" type=""image/webp"" /><img class=""attachment-medium size-medium"" src=""https://ponyclub.gr/wp-content/uploads/camera.png"" alt="""" width=""200"" height=""200"" data-eio=""p"" /></picture></div>
</div>
</div>
<div class=""icon-box-text last-reset"">
<h4>Camera</h4>
</div>
</div>
</div>
</div>
<div id=""col-1381778061"" class=""col medium-2 small-12 large-2"">
<div class=""col-inner"">
<div class=""icon-box featured-box icon-box-center text-center"">
<div class=""icon-box-img"">
<div class=""icon"">
<div class=""icon-inner""><picture><source srcset=""https://ponyclub.gr/wp-content/uploads/Fitness-87-512-400x400.png.webp 400w, https://ponyclub.gr/wp-content/uploads/Fitness-87-512-280x280.png.webp 280w, https://ponyclub.gr/wp-content/uploads/Fitness-87-512.png.webp 512w"" type=""image/webp"" sizes=""(max-width: 400px) 100vw, 400px"" /><img class=""attachment-medium size-medium"" src=""https://ponyclub.gr/wp-content/uploads/Fitness-87-512-400x400.png"" sizes=""(max-width: 400px) 100vw, 400px"" srcset=""https://ponyclub.gr/wp-content/uploads/Fitness-87-512-400x400.png 400w, https://ponyclub.gr/wp-content/uploads/Fitness-87-512-280x280.png 280w, https://ponyclub.gr/wp-content/uploads/Fitness-87-512.png 512w"" alt="""" width=""400"" height=""400"" data-eio=""p"" /></picture></div>
</div>
</div>
<div class=""icon-box-text last-reset"">
<h4 data-line-height=""s"">Sport shoes</h4>
</div>
</div>
</div>
</div>
<div id=""col-1436623490"" class=""col medium-2 small-12 large-2"">
<div class=""col-inner"">
<div class=""icon-box featured-box icon-box-center text-center"">
<div class=""icon-box-img"">
<div class=""icon"">
<div class=""icon-inner""><picture><source srcset=""https://ponyclub.gr/wp-content/uploads/children-playing-006-512-372x400.png.webp 372w, https://ponyclub.gr/wp-content/uploads/children-playing-006-512.png.webp 476w"" type=""image/webp"" sizes=""(max-width: 372px) 100vw, 372px"" /><img class=""attachment-medium size-medium scaled-image"" title=""Forced to wrong size: 71x80, natural is 372x400!"" src=""https://ponyclub.gr/wp-content/uploads/children-playing-006-512-372x400.png"" sizes=""(max-width: 372px) 100vw, 372px"" srcset=""https://ponyclub.gr/wp-content/uploads/children-playing-006-512-372x400.png 372w, https://ponyclub.gr/wp-content/uploads/children-playing-006-512.png 476w"" alt="""" width=""372"" height=""400"" data-eio=""p"" /></picture></div>
</div>
</div>
<div class=""icon-box-text last-reset"">
<h4>Relax</h4>
</div>
</div>
</div>
</div>
</div>

[/section]
<p>[bookingpress_form category=1]</p>


<!-- /wp:flatsome/uxbuilder -->",,41673,en,
